Organization,Department,Designation,Functional Role
"Ministry of Statistics & Programme Implementation (MoSPI)","Central Statistics Office (CSO)","Director General","Statistical Analysis"
"Ministry of Statistics & Programme Implementation (MoSPI)","Central Statistics Office (CSO)","Director General","Data Analysis"
"Ministry of Statistics & Programme Implementation (MoSPI)","Central Statistics Office (CSO)","Director General","Survey Operations"
"Ministry of Statistics & Programme Implementation (MoSPI)","Central Statistics Office (CSO)","Director General","Sampling"
"Ministry of Statistics & Programme Implementation (MoSPI)","Central Statistics Office (CSO)","Director General","Data Quality & Validation"
"Ministry of Statistics & Programme Implementation (MoSPI)","Central Statistics Office (CSO)","Director General","Research & Analysis"
"Ministry of Statistics & Programme Implementation (MoSPI)","Central Statistics Office (CSO)","Director General","Economic Statistics"
"Ministry of Statistics & Programme Implementation (MoSPI)","Central Statistics Office (CSO)","Director General","Social Statistics"
"Ministry of Statistics & Programme Implementation (MoSPI)","Central Statistics Office (CSO)","Director General","Demographic Statistics"
"Ministry of Statistics & Programme Implementation (MoSPI)","Central Statistics Office (CSO)","Director General","Statistical Computing"
"Ministry of Statistics & Programme Implementation (MoSPI)","Central Statistics Office (CSO)","Director General","Data Management"
"Ministry of Statistics & Programme Implementation (MoSPI)","Central Statistics Office (CSO)","Director General","Data Governance"
"Ministry of Statistics & Programme Implementation (MoSPI)","Central Statistics Office (CSO)","Director General","Policy Analysis"
"Ministry of Statistics & Programme Implementation (MoSPI)","Central Statistics Office (CSO)","Director General","Programme Management"
"Ministry of Statistics & Programme Implementation (MoSPI)","Central Statistics Office (CSO)","Director General","Monitoring & Evaluation"
"Ministry of Statistics & Programme Implementation (MoSPI)","Central Statistics Office (CSO)","Director General","Training & Capacity Building"
"Ministry of Statistics & Programme Implementation (MoSPI)","Central Statistics Office (CSO)","Director General","Administration"
"Ministry of Statistics & Programme Implementation (MoSPI)","Central Statistics Office (CSO)","Director General","Finance & Accounts"
"Ministry of Statistics & Programme Implementation (MoSPI)","Central Statistics Office (CSO)","Director General","IT / Digital Systems"
"Ministry of Statistics & Programme Implementation (MoSPI)","Central Statistics Office (CSO)","Director General","Database Management"
"Ministry of Statistics & Programme Implementation (MoSPI)","Central Statistics Office (CSO)","Director General","AI / Machine Learning"
"Ministry of Statistics & Programme Implementation (MoSPI)","Central Statistics Office (CSO)","Director General","Cyber Security"
"Ministry of Statistics & Programme Implementation (MoSPI)","Central Statistics Office (CSO)","Director General","e-Governance"
"Ministry of Statistics & Programme Implementation (MoSPI)","Central Statistics Office (CSO)","Director General","Learning & Development"
"Ministry of Statistics & Programme Implementation (MoSPI)","Central Statistics Office (CSO)","Additional Director General","Statistical Analysis"
"Ministry of Statistics & Programme Implementation (MoSPI)","Central Statistics Office (CSO)","Additional Director General","Data Analysis"
"Ministry of Statistics & Programme Implementation (MoSPI)","Central Statistics Office (CSO)","Additional Director General","Survey Operations"
"Ministry of Statistics & Programme Implementation (MoSPI)","Central Statistics Office (CSO)","Additional Director General","Sampling"
"Ministry of Statistics & Programme Implementation (MoSPI)","Central Statistics Office (CSO)","Additional Director General","Data Quality & Validation"
"Ministry of Statistics & Programme Implementation (MoSPI)","Central Statistics Office (CSO)","Additional Director General","Research & Analysis"
"Ministry of Statistics & Programme Implementation (MoSPI)","Central Statistics Office (CSO)","Additional Director General","Economic Statistics"
"Ministry of Statistics & Programme Implementation (MoSPI)","Central Statistics Office (CSO)","Additional Director General","Social Statistics"
"Ministry of Statistics & Programme Implementation (MoSPI)","Central Statistics Office (CSO)","Additional Director General","Demographic Statistics"
"Ministry of Statistics & Programme Implementation (MoSPI)","Central Statistics Office (CSO)","Additional Director General","Statistical Computing"
"Ministry of Statistics & Programme Implementation (MoSPI)","Central Statistics Office (CSO)","Additional Director General","Data Management"
"Ministry of Statistics & Programme Implementation (MoSPI)","Central Statistics Office (CSO)","Additional Director General","Data Governance"
"Ministry of Statistics & Programme Implementation (MoSPI)","Central Statistics Office (CSO)","Additional Director General","Policy Analysis"
"Ministry of Statistics & Programme Implementation (MoSPI)","Central Statistics Office (CSO)","Additional Director General","Programme Management"
"Ministry of Statistics & Programme Implementation (MoSPI)","Central Statistics Office (CSO)","Additional Director General","Monitoring & Evaluation"
"Ministry of Statistics & Programme Implementation (MoSPI)","Central Statistics Office (CSO)","Additional Director General","Training & Capacity Building"
"Ministry of Statistics & Programme Implementation (MoSPI)","Central Statistics Office (CSO)","Additional Director General","Administration"
"Ministry of Statistics & Programme Implementation (MoSPI)","Central Statistics Office (CSO)","Additional Director General","Finance & Accounts"
"Ministry of Statistics & Programme Implementation (MoSPI)","Central Statistics Office (CSO)","Additional Director General","IT / Digital Systems"
"Ministry of Statistics & Programme Implementation (MoSPI)","Central Statistics Office (CSO)","Additional Director General","Database Management"
"Ministry of Statistics & Programme Implementation (MoSPI)","Central Statistics Office (CSO)","Additional Director General","AI / Machine Learning"
"Ministry of Statistics & Programme Implementation (MoSPI)","Central Statistics Office (CSO)","Additional Director General","Cyber Security"
"Ministry of Statistics & Programme Implementation (MoSPI)","Central Statistics Office (CSO)","Additional Director General","e-Governance"
"Ministry of Statistics & Programme Implementation (MoSPI)","Central Statistics Office (CSO)","Additional Director General","Learning & Development"
"Ministry of Statistics & Programme Implementation (MoSPI)","Central Statistics Office (CSO)","Director","Statistical Analysis"
"Ministry of Statistics & Programme Implementation (MoSPI)","Central Statistics Office (CSO)","Director","Data Analysis"
"Ministry of Statistics & Programme Implementation (MoSPI)","Central Statistics Office (CSO)","Director","Survey Operations"
"Ministry of Statistics & Programme Implementation (MoSPI)","Central Statistics Office (CSO)","Director","Sampling"
"Ministry of Statistics & Programme Implementation (MoSPI)","Central Statistics Office (CSO)","Director","Data Quality & Validation"
"Ministry of Statistics & Programme Implementation (MoSPI)","Central Statistics Office (CSO)","Director","Research & Analysis"
"Ministry of Statistics & Programme Implementation (MoSPI)","Central Statistics Office (CSO)","Director","Economic Statistics"
"Ministry of Statistics & Programme Implementation (MoSPI)","Central Statistics Office (CSO)","Director","Social Statistics"
"Ministry of Statistics & Programme Implementation (MoSPI)","Central Statistics Office (CSO)","Director","Demographic Statistics"
"Ministry of Statistics & Programme Implementation (MoSPI)","Central Statistics Office (CSO)","Director","Statistical Computing"
"Ministry of Statistics & Programme Implementation (MoSPI)","Central Statistics Office (CSO)","Director","Data Management"
"Ministry of Statistics & Programme Implementation (MoSPI)","Central Statistics Office (CSO)","Director","Data Governance"
"Ministry of Statistics & Programme Implementation (MoSPI)","Central Statistics Office (CSO)","Director","Policy Analysis"
"Ministry of Statistics & Programme Implementation (MoSPI)","Central Statistics Office (CSO)","Director","Programme Management"
"Ministry of Statistics & Programme Implementation (MoSPI)","Central Statistics Office (CSO)","Director","Monitoring & Evaluation"
"Ministry of Statistics & Programme Implementation (MoSPI)","Central Statistics Office (CSO)","Director","Training & Capacity Building"
"Ministry of Statistics & Programme Implementation (MoSPI)","Central Statistics Office (CSO)","Director","Administration"
"Ministry of Statistics & Programme Implementation (MoSPI)","Central Statistics Office (CSO)","Director","Finance & Accounts"
"Ministry of Statistics & Programme Implementation (MoSPI)","Central Statistics Office (CSO)","Director","IT / Digital Systems"
"Ministry of Statistics & Programme Implementation (MoSPI)","Central Statistics Office (CSO)","Director","Database Management"
"Ministry of Statistics & Programme Implementation (MoSPI)","Central Statistics Office (CSO)","Director","AI / Machine Learning"
"Ministry of Statistics & Programme Implementation (MoSPI)","Central Statistics Office (CSO)","Director","Cyber Security"
"Ministry of Statistics & Programme Implementation (MoSPI)","Central Statistics Office (CSO)","Director","e-Governance"
"Ministry of Statistics & Programme Implementation (MoSPI)","Central Statistics Office (CSO)","Director","Learning & Development"
"Ministry of Statistics & Programme Implementation (MoSPI)","Central Statistics Office (CSO)","Joint Director","Statistical Analysis"
"Ministry of Statistics & Programme Implementation (MoSPI)","Central Statistics Office (CSO)","Joint Director","Data Analysis"
"Ministry of Statistics & Programme Implementation (MoSPI)","Central Statistics Office (CSO)","Joint Director","Survey Operations"
"Ministry of Statistics & Programme Implementation (MoSPI)","Central Statistics Office (CSO)","Joint Director","Sampling"
"Ministry of Statistics & Programme Implementation (MoSPI)","Central Statistics Office (CSO)","Joint Director","Data Quality & Validation"
"Ministry of Statistics & Programme Implementation (MoSPI)","Central Statistics Office (CSO)","Joint Director","Research & Analysis"
"Ministry of Statistics & Programme Implementation (MoSPI)","Central Statistics Office (CSO)","Joint Director","Economic Statistics"
"Ministry of Statistics & Programme Implementation (MoSPI)","Central Statistics Office (CSO)","Joint Director","Social Statistics"
"Ministry of Statistics & Programme Implementation (MoSPI)","Central Statistics Office (CSO)","Joint Director","Demographic Statistics"
"Ministry of Statistics & Programme Implementation (MoSPI)","Central Statistics Office (CSO)","Joint Director","Statistical Computing"
"Ministry of Statistics & Programme Implementation (MoSPI)","Central Statistics Office (CSO)","Joint Director","Data Management"
"Ministry of Statistics & Programme Implementation (MoSPI)","Central Statistics Office (CSO)","Joint Director","Data Governance"
"Ministry of Statistics & Programme Implementation (MoSPI)","Central Statistics Office (CSO)","Joint Director","Policy Analysis"
"Ministry of Statistics & Programme Implementation (MoSPI)","Central Statistics Office (CSO)","Joint Director","Programme Management"
"Ministry of Statistics & Programme Implementation (MoSPI)","Central Statistics Office (CSO)","Joint Director","Monitoring & Evaluation"
"Ministry of Statistics & Programme Implementation (MoSPI)","Central Statistics Office (CSO)","Joint Director","Training & Capacity Building"
"Ministry of Statistics & Programme Implementation (MoSPI)","Central Statistics Office (CSO)","Joint Director","Administration"
"Ministry of Statistics & Programme Implementation (MoSPI)","Central Statistics Office (CSO)","Joint Director","Finance & Accounts"
"Ministry of Statistics & Programme Implementation (MoSPI)","Central Statistics Office (CSO)","Joint Director","IT / Digital Systems"
"Ministry of Statistics & Programme Implementation (MoSPI)","Central Statistics Office (CSO)","Joint Director","Database Management"
"Ministry of Statistics & Programme Implementation (MoSPI)","Central Statistics Office (CSO)","Joint Director","AI / Machine Learning"
"Ministry of Statistics & Programme Implementation (MoSPI)","Central Statistics Office (CSO)","Joint Director","Cyber Security"
"Ministry of Statistics & Programme Implementation (MoSPI)","Central Statistics Office (CSO)","Joint Director","e-Governance"
"Ministry of Statistics & Programme Implementation (MoSPI)","Central Statistics Office (CSO)","Joint Director","Learning & Development"
"Ministry of Statistics & Programme Implementation (MoSPI)","Central Statistics Office (CSO)","Deputy Director","Statistical Analysis"
"Ministry of Statistics & Programme Implementation (MoSPI)","Central Statistics Office (CSO)","Deputy Director","Data Analysis"
"Ministry of Statistics & Programme Implementation (MoSPI)","Central Statistics Office (CSO)","Deputy Director","Survey Operations"
"Ministry of Statistics & Programme Implementation (MoSPI)","Central Statistics Office (CSO)","Deputy Director","Sampling"
"Ministry of Statistics & Programme Implementation (MoSPI)","Central Statistics Office (CSO)","Deputy Director","Data Quality & Validation"
"Ministry of Statistics & Programme Implementation (MoSPI)","Central Statistics Office (CSO)","Deputy Director","Research & Analysis"
"Ministry of Statistics & Programme Implementation (MoSPI)","Central Statistics Office (CSO)","Deputy Director","Economic Statistics"
"Ministry of Statistics & Programme Implementation (MoSPI)","Central Statistics Office (CSO)","Deputy Director","Social Statistics"
"Ministry of Statistics & Programme Implementation (MoSPI)","Central Statistics Office (CSO)","Deputy Director","Demographic Statistics"
"Ministry of Statistics & Programme Implementation (MoSPI)","Central Statistics Office (CSO)","Deputy Director","Statistical Computing"
"Ministry of Statistics & Programme Implementation (MoSPI)","Central Statistics Office (CSO)","Deputy Director","Data Management"
"Ministry of Statistics & Programme Implementation (MoSPI)","Central Statistics Office (CSO)","Deputy Director","Data Governance"
"Ministry of Statistics & Programme Implementation (MoSPI)","Central Statistics Office (CSO)","Deputy Director","Policy Analysis"
"Ministry of Statistics & Programme Implementation (MoSPI)","Central Statistics Office (CSO)","Deputy Director","Programme Management"
"Ministry of Statistics & Programme Implementation (MoSPI)","Central Statistics Office (CSO)","Deputy Director","Monitoring & Evaluation"
"Ministry of Statistics & Programme Implementation (MoSPI)","Central Statistics Office (CSO)","Deputy Director","Training & Capacity Building"
"Ministry of Statistics & Programme Implementation (MoSPI)","Central Statistics Office (CSO)","Deputy Director","Administration"
"Ministry of Statistics & Programme Implementation (MoSPI)","Central Statistics Office (CSO)","Deputy Director","Finance & Accounts"
"Ministry of Statistics & Programme Implementation (MoSPI)","Central Statistics Office (CSO)","Deputy Director","IT / Digital Systems"
"Ministry of Statistics & Programme Implementation (MoSPI)","Central Statistics Office (CSO)","Deputy Director","Database Management"
"Ministry of Statistics & Programme Implementation (MoSPI)","Central Statistics Office (CSO)","Deputy Director","AI / Machine Learning"
"Ministry of Statistics & Programme Implementation (MoSPI)","Central Statistics Office (CSO)","Deputy Director","Cyber Security"
"Ministry of Statistics & Programme Implementation (MoSPI)","Central Statistics Office (CSO)","Deputy Director","e-Governance"
"Ministry of Statistics & Programme Implementation (MoSPI)","Central Statistics Office (CSO)","Deputy Director","Learning & Development"
"Ministry of Statistics & Programme Implementation (MoSPI)","Central Statistics Office (CSO)","Assistant Director","Statistical Analysis"
"Ministry of Statistics & Programme Implementation (MoSPI)","Central Statistics Office (CSO)","Assistant Director","Data Analysis"
"Ministry of Statistics & Programme Implementation (MoSPI)","Central Statistics Office (CSO)","Assistant Director","Survey Operations"
"Ministry of Statistics & Programme Implementation (MoSPI)","Central Statistics Office (CSO)","Assistant Director","Sampling"
"Ministry of Statistics & Programme Implementation (MoSPI)","Central Statistics Office (CSO)","Assistant Director","Data Quality & Validation"
"Ministry of Statistics & Programme Implementation (MoSPI)","Central Statistics Office (CSO)","Assistant Director","Research & Analysis"
"Ministry of Statistics & Programme Implementation (MoSPI)","Central Statistics Office (CSO)","Assistant Director","Economic Statistics"
"Ministry of Statistics & Programme Implementation (MoSPI)","Central Statistics Office (CSO)","Assistant Director","Social Statistics"
"Ministry of Statistics & Programme Implementation (MoSPI)","Central Statistics Office (CSO)","Assistant Director","Demographic Statistics"
"Ministry of Statistics & Programme Implementation (MoSPI)","Central Statistics Office (CSO)","Assistant Director","Statistical Computing"
"Ministry of Statistics & Programme Implementation (MoSPI)","Central Statistics Office (CSO)","Assistant Director","Data Management"
"Ministry of Statistics & Programme Implementation (MoSPI)","Central Statistics Office (CSO)","Assistant Director","Data Governance"
"Ministry of Statistics & Programme Implementation (MoSPI)","Central Statistics Office (CSO)","Assistant Director","Policy Analysis"
"Ministry of Statistics & Programme Implementation (MoSPI)","Central Statistics Office (CSO)","Assistant Director","Programme Management"
"Ministry of Statistics & Programme Implementation (MoSPI)","Central Statistics Office (CSO)","Assistant Director","Monitoring & Evaluation"
"Ministry of Statistics & Programme Implementation (MoSPI)","Central Statistics Office (CSO)","Assistant Director","Training & Capacity Building"
"Ministry of Statistics & Programme Implementation (MoSPI)","Central Statistics Office (CSO)","Assistant Director","Administration"
"Ministry of Statistics & Programme Implementation (MoSPI)","Central Statistics Office (CSO)","Assistant Director","Finance & Accounts"
"Ministry of Statistics & Programme Implementation (MoSPI)","Central Statistics Office (CSO)","Assistant Director","IT / Digital Systems"
"Ministry of Statistics & Programme Implementation (MoSPI)","Central Statistics Office (CSO)","Assistant Director","Database Management"
"Ministry of Statistics & Programme Implementation (MoSPI)","Central Statistics Office (CSO)","Assistant Director","AI / Machine Learning"
"Ministry of Statistics & Programme Implementation (MoSPI)","Central Statistics Office (CSO)","Assistant Director","Cyber Security"
"Ministry of Statistics & Programme Implementation (MoSPI)","Central Statistics Office (CSO)","Assistant Director","e-Governance"
"Ministry of Statistics & Programme Implementation (MoSPI)","Central Statistics Office (CSO)","Assistant Director","Learning & Development"
"Ministry of Statistics & Programme Implementation (MoSPI)","Central Statistics Office (CSO)","Senior Statistical Officer","Statistical Analysis"
"Ministry of Statistics & Programme Implementation (MoSPI)","Central Statistics Office (CSO)","Senior Statistical Officer","Data Analysis"
"Ministry of Statistics & Programme Implementation (MoSPI)","Central Statistics Office (CSO)","Senior Statistical Officer","Data Quality & Validation"
"Ministry of Statistics & Programme Implementation (MoSPI)","Central Statistics Office (CSO)","Junior Statistical Officer","Survey Operations"
"Ministry of Statistics & Programme Implementation (MoSPI)","Central Statistics Office (CSO)","Junior Statistical Officer","Data Management"
"Ministry of Statistics & Programme Implementation (MoSPI)","National Sample Survey Office (NSSO)","Deputy Director General","Statistical Analysis"
"Ministry of Statistics & Programme Implementation (MoSPI)","National Sample Survey Office (NSSO)","Deputy Director General","Data Analysis"
"Ministry of Statistics & Programme Implementation (MoSPI)","National Sample Survey Office (NSSO)","Deputy Director General","Survey Operations"
"Ministry of Statistics & Programme Implementation (MoSPI)","National Sample Survey Office (NSSO)","Deputy Director General","Sampling"
"Ministry of Statistics & Programme Implementation (MoSPI)","National Sample Survey Office (NSSO)","Deputy Director General","Data Quality & Validation"
"Ministry of Statistics & Programme Implementation (MoSPI)","National Sample Survey Office (NSSO)","Deputy Director General","Research & Analysis"
"Ministry of Statistics & Programme Implementation (MoSPI)","National Sample Survey Office (NSSO)","Deputy Director General","Economic Statistics"
"Ministry of Statistics & Programme Implementation (MoSPI)","National Sample Survey Office (NSSO)","Deputy Director General","Social Statistics"
"Ministry of Statistics & Programme Implementation (MoSPI)","National Sample Survey Office (NSSO)","Deputy Director General","Demographic Statistics"
"Ministry of Statistics & Programme Implementation (MoSPI)","National Sample Survey Office (NSSO)","Deputy Director General","Statistical Computing"
"Ministry of Statistics & Programme Implementation (MoSPI)","National Sample Survey Office (NSSO)","Deputy Director General","Data Management"
"Ministry of Statistics & Programme Implementation (MoSPI)","National Sample Survey Office (NSSO)","Deputy Director General","Data Governance"
"Ministry of Statistics & Programme Implementation (MoSPI)","National Sample Survey Office (NSSO)","Deputy Director General","Policy Analysis"
"Ministry of Statistics & Programme Implementation (MoSPI)","National Sample Survey Office (NSSO)","Deputy Director General","Programme Management"
"Ministry of Statistics & Programme Implementation (MoSPI)","National Sample Survey Office (NSSO)","Deputy Director General","Monitoring & Evaluation"
"Ministry of Statistics & Programme Implementation (MoSPI)","National Sample Survey Office (NSSO)","Deputy Director General","Training & Capacity Building"
"Ministry of Statistics & Programme Implementation (MoSPI)","National Sample Survey Office (NSSO)","Deputy Director General","Administration"
"Ministry of Statistics & Programme Implementation (MoSPI)","National Sample Survey Office (NSSO)","Deputy Director General","Finance & Accounts"
"Ministry of Statistics & Programme Implementation (MoSPI)","National Sample Survey Office (NSSO)","Deputy Director General","IT / Digital Systems"
"Ministry of Statistics & Programme Implementation (MoSPI)","National Sample Survey Office (NSSO)","Deputy Director General","Database Management"
"Ministry of Statistics & Programme Implementation (MoSPI)","National Sample Survey Office (NSSO)","Deputy Director General","AI / Machine Learning"
"Ministry of Statistics & Programme Implementation (MoSPI)","National Sample Survey Office (NSSO)","Deputy Director General","Cyber Security"
"Ministry of Statistics & Programme Implementation (MoSPI)","National Sample Survey Office (NSSO)","Deputy Director General","e-Governance"
"Ministry of Statistics & Programme Implementation (MoSPI)","National Sample Survey Office (NSSO)","Deputy Director General","Learning & Development"
"Ministry of Statistics & Programme Implementation (MoSPI)","National Sample Survey Office (NSSO)","Director","Statistical Analysis"
"Ministry of Statistics & Programme Implementation (MoSPI)","National Sample Survey Office (NSSO)","Director","Data Analysis"
"Ministry of Statistics & Programme Implementation (MoSPI)","National Sample Survey Office (NSSO)","Director","Survey Operations"
"Ministry of Statistics & Programme Implementation (MoSPI)","National Sample Survey Office (NSSO)","Director","Sampling"
"Ministry of Statistics & Programme Implementation (MoSPI)","National Sample Survey Office (NSSO)","Director","Data Quality & Validation"
"Ministry of Statistics & Programme Implementation (MoSPI)","National Sample Survey Office (NSSO)","Director","Research & Analysis"
"Ministry of Statistics & Programme Implementation (MoSPI)","National Sample Survey Office (NSSO)","Director","Economic Statistics"
"Ministry of Statistics & Programme Implementation (MoSPI)","National Sample Survey Office (NSSO)","Director","Social Statistics"
"Ministry of Statistics & Programme Implementation (MoSPI)","National Sample Survey Office (NSSO)","Director","Demographic Statistics"
"Ministry of Statistics & Programme Implementation (MoSPI)","National Sample Survey Office (NSSO)","Director","Statistical Computing"
"Ministry of Statistics & Programme Implementation (MoSPI)","National Sample Survey Office (NSSO)","Director","Data Management"
"Ministry of Statistics & Programme Implementation (MoSPI)","National Sample Survey Office (NSSO)","Director","Data Governance"
"Ministry of Statistics & Programme Implementation (MoSPI)","National Sample Survey Office (NSSO)","Director","Policy Analysis"
"Ministry of Statistics & Programme Implementation (MoSPI)","National Sample Survey Office (NSSO)","Director","Programme Management"
"Ministry of Statistics & Programme Implementation (MoSPI)","National Sample Survey Office (NSSO)","Director","Monitoring & Evaluation"
"Ministry of Statistics & Programme Implementation (MoSPI)","National Sample Survey Office (NSSO)","Director","Training & Capacity Building"
"Ministry of Statistics & Programme Implementation (MoSPI)","National Sample Survey Office (NSSO)","Director","Administration"
"Ministry of Statistics & Programme Implementation (MoSPI)","National Sample Survey Office (NSSO)","Director","Finance & Accounts"
"Ministry of Statistics & Programme Implementation (MoSPI)","National Sample Survey Office (NSSO)","Director","IT / Digital Systems"
"Ministry of Statistics & Programme Implementation (MoSPI)","National Sample Survey Office (NSSO)","Director","Database Management"
"Ministry of Statistics & Programme Implementation (MoSPI)","National Sample Survey Office (NSSO)","Director","AI / Machine Learning"
"Ministry of Statistics & Programme Implementation (MoSPI)","National Sample Survey Office (NSSO)","Director","Cyber Security"
"Ministry of Statistics & Programme Implementation (MoSPI)","National Sample Survey Office (NSSO)","Director","e-Governance"
"Ministry of Statistics & Programme Implementation (MoSPI)","National Sample Survey Office (NSSO)","Director","Learning & Development"
"Ministry of Statistics & Programme Implementation (MoSPI)","National Sample Survey Office (NSSO)","Senior Statistical Officer","Statistical Analysis"
"Ministry of Statistics & Programme Implementation (MoSPI)","National Sample Survey Office (NSSO)","Senior Statistical Officer","Data Analysis"
"Ministry of Statistics & Programme Implementation (MoSPI)","National Sample Survey Office (NSSO)","Senior Statistical Officer","Survey Operations"
"Ministry of Statistics & Programme Implementation (MoSPI)","National Sample Survey Office (NSSO)","Senior Statistical Officer","Sampling"
"Ministry of Statistics & Programme Implementation (MoSPI)","National Sample Survey Office (NSSO)","Senior Statistical Officer","Data Quality & Validation"
"Ministry of Statistics & Programme Implementation (MoSPI)","National Sample Survey Office (NSSO)","Senior Statistical Officer","Research & Analysis"
"Ministry of Statistics & Programme Implementation (MoSPI)","National Sample Survey Office (NSSO)","Senior Statistical Officer","Economic Statistics"
"Ministry of Statistics & Programme Implementation (MoSPI)","National Sample Survey Office (NSSO)","Senior Statistical Officer","Social Statistics"
"Ministry of Statistics & Programme Implementation (MoSPI)","National Sample Survey Office (NSSO)","Senior Statistical Officer","Demographic Statistics"
"Ministry of Statistics & Programme Implementation (MoSPI)","National Sample Survey Office (NSSO)","Senior Statistical Officer","Statistical Computing"
"Ministry of Statistics & Programme Implementation (MoSPI)","National Sample Survey Office (NSSO)","Senior Statistical Officer","Data Management"
"Ministry of Statistics & Programme Implementation (MoSPI)","National Sample Survey Office (NSSO)","Senior Statistical Officer","Data Governance"
"Ministry of Statistics & Programme Implementation (MoSPI)","National Sample Survey Office (NSSO)","Senior Statistical Officer","Policy Analysis"
"Ministry of Statistics & Programme Implementation (MoSPI)","National Sample Survey Office (NSSO)","Senior Statistical Officer","Programme Management"
"Ministry of Statistics & Programme Implementation (MoSPI)","National Sample Survey Office (NSSO)","Senior Statistical Officer","Monitoring & Evaluation"
"Ministry of Statistics & Programme Implementation (MoSPI)","National Sample Survey Office (NSSO)","Senior Statistical Officer","Training & Capacity Building"
"Ministry of Statistics & Programme Implementation (MoSPI)","National Sample Survey Office (NSSO)","Senior Statistical Officer","Administration"
"Ministry of Statistics & Programme Implementation (MoSPI)","National Sample Survey Office (NSSO)","Senior Statistical Officer","Finance & Accounts"
"Ministry of Statistics & Programme Implementation (MoSPI)","National Sample Survey Office (NSSO)","Senior Statistical Officer","IT / Digital Systems"
"Ministry of Statistics & Programme Implementation (MoSPI)","National Sample Survey Office (NSSO)","Senior Statistical Officer","Database Management"
"Ministry of Statistics & Programme Implementation (MoSPI)","National Sample Survey Office (NSSO)","Senior Statistical Officer","AI / Machine Learning"
"Ministry of Statistics & Programme Implementation (MoSPI)","National Sample Survey Office (NSSO)","Senior Statistical Officer","Cyber Security"
"Ministry of Statistics & Programme Implementation (MoSPI)","National Sample Survey Office (NSSO)","Senior Statistical Officer","e-Governance"
"Ministry of Statistics & Programme Implementation (MoSPI)","National Sample Survey Office (NSSO)","Senior Statistical Officer","Learning & Development"
"Ministry of Statistics & Programme Implementation (MoSPI)","National Sample Survey Office (NSSO)","Junior Statistical Officer","Statistical Analysis"
"Ministry of Statistics & Programme Implementation (MoSPI)","National Sample Survey Office (NSSO)","Junior Statistical Officer","Data Analysis"
"Ministry of Statistics & Programme Implementation (MoSPI)","National Sample Survey Office (NSSO)","Junior Statistical Officer","Survey Operations"
"Ministry of Statistics & Programme Implementation (MoSPI)","National Sample Survey Office (NSSO)","Junior Statistical Officer","Sampling"
"Ministry of Statistics & Programme Implementation (MoSPI)","National Sample Survey Office (NSSO)","Junior Statistical Officer","Data Quality & Validation"
"Ministry of Statistics & Programme Implementation (MoSPI)","National Sample Survey Office (NSSO)","Junior Statistical Officer","Research & Analysis"
"Ministry of Statistics & Programme Implementation (MoSPI)","National Sample Survey Office (NSSO)","Junior Statistical Officer","Economic Statistics"
"Ministry of Statistics & Programme Implementation (MoSPI)","National Sample Survey Office (NSSO)","Junior Statistical Officer","Social Statistics"
"Ministry of Statistics & Programme Implementation (MoSPI)","National Sample Survey Office (NSSO)","Junior Statistical Officer","Demographic Statistics"
"Ministry of Statistics & Programme Implementation (MoSPI)","National Sample Survey Office (NSSO)","Junior Statistical Officer","Statistical Computing"
"Ministry of Statistics & Programme Implementation (MoSPI)","National Sample Survey Office (NSSO)","Junior Statistical Officer","Data Management"
"Ministry of Statistics & Programme Implementation (MoSPI)","National Sample Survey Office (NSSO)","Junior Statistical Officer","Data Governance"
"Ministry of Statistics & Programme Implementation (MoSPI)","National Sample Survey Office (NSSO)","Junior Statistical Officer","Policy Analysis"
"Ministry of Statistics & Programme Implementation (MoSPI)","National Sample Survey Office (NSSO)","Junior Statistical Officer","Programme Management"
"Ministry of Statistics & Programme Implementation (MoSPI)","National Sample Survey Office (NSSO)","Junior Statistical Officer","Monitoring & Evaluation"
"Ministry of Statistics & Programme Implementation (MoSPI)","National Sample Survey Office (NSSO)","Junior Statistical Officer","Training & Capacity Building"
"Ministry of Statistics & Programme Implementation (MoSPI)","National Sample Survey Office (NSSO)","Junior Statistical Officer","Administration"
"Ministry of Statistics & Programme Implementation (MoSPI)","National Sample Survey Office (NSSO)","Junior Statistical Officer","Finance & Accounts"
"Ministry of Statistics & Programme Implementation (MoSPI)","National Sample Survey Office (NSSO)","Junior Statistical Officer","IT / Digital Systems"
"Ministry of Statistics & Programme Implementation (MoSPI)","National Sample Survey Office (NSSO)","Junior Statistical Officer","Database Management"
"Ministry of Statistics & Programme Implementation (MoSPI)","National Sample Survey Office (NSSO)","Junior Statistical Officer","AI / Machine Learning"
"Ministry of Statistics & Programme Implementation (MoSPI)","National Sample Survey Office (NSSO)","Junior Statistical Officer","Cyber Security"
"Ministry of Statistics & Programme Implementation (MoSPI)","National Sample Survey Office (NSSO)","Junior Statistical Officer","e-Governance"
"Ministry of Statistics & Programme Implementation (MoSPI)","National Sample Survey Office (NSSO)","Junior Statistical Officer","Learning & Development"
"Ministry of Statistics & Programme Implementation (MoSPI)","Programme Implementation Wing","Director","Statistical Analysis"
"Ministry of Statistics & Programme Implementation (MoSPI)","Programme Implementation Wing","Director","Data Analysis"
"Ministry of Statistics & Programme Implementation (MoSPI)","Programme Implementation Wing","Director","Survey Operations"
"Ministry of Statistics & Programme Implementation (MoSPI)","Programme Implementation Wing","Director","Sampling"
"Ministry of Statistics & Programme Implementation (MoSPI)","Programme Implementation Wing","Director","Data Quality & Validation"
"Ministry of Statistics & Programme Implementation (MoSPI)","Programme Implementation Wing","Director","Research & Analysis"
"Ministry of Statistics & Programme Implementation (MoSPI)","Programme Implementation Wing","Director","Economic Statistics"
"Ministry of Statistics & Programme Implementation (MoSPI)","Programme Implementation Wing","Director","Social Statistics"
"Ministry of Statistics & Programme Implementation (MoSPI)","Programme Implementation Wing","Director","Demographic Statistics"
"Ministry of Statistics & Programme Implementation (MoSPI)","Programme Implementation Wing","Director","Statistical Computing"
"Ministry of Statistics & Programme Implementation (MoSPI)","Programme Implementation Wing","Director","Data Management"
"Ministry of Statistics & Programme Implementation (MoSPI)","Programme Implementation Wing","Director","Data Governance"
"Ministry of Statistics & Programme Implementation (MoSPI)","Programme Implementation Wing","Director","Policy Analysis"
"Ministry of Statistics & Programme Implementation (MoSPI)","Programme Implementation Wing","Director","Programme Management"
"Ministry of Statistics & Programme Implementation (MoSPI)","Programme Implementation Wing","Director","Monitoring & Evaluation"
"Ministry of Statistics & Programme Implementation (MoSPI)","Programme Implementation Wing","Director","Training & Capacity Building"
"Ministry of Statistics & Programme Implementation (MoSPI)","Programme Implementation Wing","Director","Administration"
"Ministry of Statistics & Programme Implementation (MoSPI)","Programme Implementation Wing","Director","Finance & Accounts"
"Ministry of Statistics & Programme Implementation (MoSPI)","Programme Implementation Wing","Director","IT / Digital Systems"
"Ministry of Statistics & Programme Implementation (MoSPI)","Programme Implementation Wing","Director","Database Management"
"Ministry of Statistics & Programme Implementation (MoSPI)","Programme Implementation Wing","Director","AI / Machine Learning"
"Ministry of Statistics & Programme Implementation (MoSPI)","Programme Implementation Wing","Director","Cyber Security"
"Ministry of Statistics & Programme Implementation (MoSPI)","Programme Implementation Wing","Director","e-Governance"
"Ministry of Statistics & Programme Implementation (MoSPI)","Programme Implementation Wing","Director","Learning & Development"
"Ministry of Statistics & Programme Implementation (MoSPI)","Programme Implementation Wing","Deputy Director","Statistical Analysis"
"Ministry of Statistics & Programme Implementation (MoSPI)","Programme Implementation Wing","Deputy Director","Data Analysis"
"Ministry of Statistics & Programme Implementation (MoSPI)","Programme Implementation Wing","Deputy Director","Survey Operations"
"Ministry of Statistics & Programme Implementation (MoSPI)","Programme Implementation Wing","Deputy Director","Sampling"
"Ministry of Statistics & Programme Implementation (MoSPI)","Programme Implementation Wing","Deputy Director","Data Quality & Validation"
"Ministry of Statistics & Programme Implementation (MoSPI)","Programme Implementation Wing","Deputy Director","Research & Analysis"
"Ministry of Statistics & Programme Implementation (MoSPI)","Programme Implementation Wing","Deputy Director","Economic Statistics"
"Ministry of Statistics & Programme Implementation (MoSPI)","Programme Implementation Wing","Deputy Director","Social Statistics"
"Ministry of Statistics & Programme Implementation (MoSPI)","Programme Implementation Wing","Deputy Director","Demographic Statistics"
"Ministry of Statistics & Programme Implementation (MoSPI)","Programme Implementation Wing","Deputy Director","Statistical Computing"
"Ministry of Statistics & Programme Implementation (MoSPI)","Programme Implementation Wing","Deputy Director","Data Management"
"Ministry of Statistics & Programme Implementation (MoSPI)","Programme Implementation Wing","Deputy Director","Data Governance"
"Ministry of Statistics & Programme Implementation (MoSPI)","Programme Implementation Wing","Deputy Director","Policy Analysis"
"Ministry of Statistics & Programme Implementation (MoSPI)","Programme Implementation Wing","Deputy Director","Programme Management"
"Ministry of Statistics & Programme Implementation (MoSPI)","Programme Implementation Wing","Deputy Director","Monitoring & Evaluation"
"Ministry of Statistics & Programme Implementation (MoSPI)","Programme Implementation Wing","Deputy Director","Training & Capacity Building"
"Ministry of Statistics & Programme Implementation (MoSPI)","Programme Implementation Wing","Deputy Director","Administration"
"Ministry of Statistics & Programme Implementation (MoSPI)","Programme Implementation Wing","Deputy Director","Finance & Accounts"
"Ministry of Statistics & Programme Implementation (MoSPI)","Programme Implementation Wing","Deputy Director","IT / Digital Systems"
"Ministry of Statistics & Programme Implementation (MoSPI)","Programme Implementation Wing","Deputy Director","Database Management"
"Ministry of Statistics & Programme Implementation (MoSPI)","Programme Implementation Wing","Deputy Director","AI / Machine Learning"
"Ministry of Statistics & Programme Implementation (MoSPI)","Programme Implementation Wing","Deputy Director","Cyber Security"
"Ministry of Statistics & Programme Implementation (MoSPI)","Programme Implementation Wing","Deputy Director","e-Governance"
"Ministry of Statistics & Programme Implementation (MoSPI)","Programme Implementation Wing","Deputy Director","Learning & Development"
"Ministry of Statistics & Programme Implementation (MoSPI)","Programme Implementation Wing","Senior Statistical Officer","Statistical Analysis"
"Ministry of Statistics & Programme Implementation (MoSPI)","Programme Implementation Wing","Senior Statistical Officer","Data Analysis"
"Ministry of Statistics & Programme Implementation (MoSPI)","Programme Implementation Wing","Senior Statistical Officer","Survey Operations"
"Ministry of Statistics & Programme Implementation (MoSPI)","Programme Implementation Wing","Senior Statistical Officer","Sampling"
"Ministry of Statistics & Programme Implementation (MoSPI)","Programme Implementation Wing","Senior Statistical Officer","Data Quality & Validation"
"Ministry of Statistics & Programme Implementation (MoSPI)","Programme Implementation Wing","Senior Statistical Officer","Research & Analysis"
"Ministry of Statistics & Programme Implementation (MoSPI)","Programme Implementation Wing","Senior Statistical Officer","Economic Statistics"
"Ministry of Statistics & Programme Implementation (MoSPI)","Programme Implementation Wing","Senior Statistical Officer","Social Statistics"
"Ministry of Statistics & Programme Implementation (MoSPI)","Programme Implementation Wing","Senior Statistical Officer","Demographic Statistics"
"Ministry of Statistics & Programme Implementation (MoSPI)","Programme Implementation Wing","Senior Statistical Officer","Statistical Computing"
"Ministry of Statistics & Programme Implementation (MoSPI)","Programme Implementation Wing","Senior Statistical Officer","Data Management"
"Ministry of Statistics & Programme Implementation (MoSPI)","Programme Implementation Wing","Senior Statistical Officer","Data Governance"
"Ministry of Statistics & Programme Implementation (MoSPI)","Programme Implementation Wing","Senior Statistical Officer","Policy Analysis"
"Ministry of Statistics & Programme Implementation (MoSPI)","Programme Implementation Wing","Senior Statistical Officer","Programme Management"
"Ministry of Statistics & Programme Implementation (MoSPI)","Programme Implementation Wing","Senior Statistical Officer","Monitoring & Evaluation"
"Ministry of Statistics & Programme Implementation (MoSPI)","Programme Implementation Wing","Senior Statistical Officer","Training & Capacity Building"
"Ministry of Statistics & Programme Implementation (MoSPI)","Programme Implementation Wing","Senior Statistical Officer","Administration"
"Ministry of Statistics & Programme Implementation (MoSPI)","Programme Implementation Wing","Senior Statistical Officer","Finance & Accounts"
"Ministry of Statistics & Programme Implementation (MoSPI)","Programme Implementation Wing","Senior Statistical Officer","IT / Digital Systems"
"Ministry of Statistics & Programme Implementation (MoSPI)","Programme Implementation Wing","Senior Statistical Officer","Database Management"
"Ministry of Statistics & Programme Implementation (MoSPI)","Programme Implementation Wing","Senior Statistical Officer","AI / Machine Learning"
"Ministry of Statistics & Programme Implementation (MoSPI)","Programme Implementation Wing","Senior Statistical Officer","Cyber Security"
"Ministry of Statistics & Programme Implementation (MoSPI)","Programme Implementation Wing","Senior Statistical Officer","e-Governance"
"Ministry of Statistics & Programme Implementation (MoSPI)","Programme Implementation Wing","Senior Statistical Officer","Learning & Development"
"Ministry of Statistics & Programme Implementation (MoSPI)","Programme Implementation Wing","Junior Statistical Officer","Statistical Analysis"
"Ministry of Statistics & Programme Implementation (MoSPI)","Programme Implementation Wing","Junior Statistical Officer","Data Analysis"
"Ministry of Statistics & Programme Implementation (MoSPI)","Programme Implementation Wing","Junior Statistical Officer","Survey Operations"
"Ministry of Statistics & Programme Implementation (MoSPI)","Programme Implementation Wing","Junior Statistical Officer","Sampling"
"Ministry of Statistics & Programme Implementation (MoSPI)","Programme Implementation Wing","Junior Statistical Officer","Data Quality & Validation"
"Ministry of Statistics & Programme Implementation (MoSPI)","Programme Implementation Wing","Junior Statistical Officer","Research & Analysis"
"Ministry of Statistics & Programme Implementation (MoSPI)","Programme Implementation Wing","Junior Statistical Officer","Economic Statistics"
"Ministry of Statistics & Programme Implementation (MoSPI)","Programme Implementation Wing","Junior Statistical Officer","Social Statistics"
"Ministry of Statistics & Programme Implementation (MoSPI)","Programme Implementation Wing","Junior Statistical Officer","Demographic Statistics"
"Ministry of Statistics & Programme Implementation (MoSPI)","Programme Implementation Wing","Junior Statistical Officer","Statistical Computing"
"Ministry of Statistics & Programme Implementation (MoSPI)","Programme Implementation Wing","Junior Statistical Officer","Data Management"
"Ministry of Statistics & Programme Implementation (MoSPI)","Programme Implementation Wing","Junior Statistical Officer","Data Governance"
"Ministry of Statistics & Programme Implementation (MoSPI)","Programme Implementation Wing","Junior Statistical Officer","Policy Analysis"
"Ministry of Statistics & Programme Implementation (MoSPI)","Programme Implementation Wing","Junior Statistical Officer","Programme Management"
"Ministry of Statistics & Programme Implementation (MoSPI)","Programme Implementation Wing","Junior Statistical Officer","Monitoring & Evaluation"
"Ministry of Statistics & Programme Implementation (MoSPI)","Programme Implementation Wing","Junior Statistical Officer","Training & Capacity Building"
"Ministry of Statistics & Programme Implementation (MoSPI)","Programme Implementation Wing","Junior Statistical Officer","Administration"
"Ministry of Statistics & Programme Implementation (MoSPI)","Programme Implementation Wing","Junior Statistical Officer","Finance & Accounts"
"Ministry of Statistics & Programme Implementation (MoSPI)","Programme Implementation Wing","Junior Statistical Officer","IT / Digital Systems"
"Ministry of Statistics & Programme Implementation (MoSPI)","Programme Implementation Wing","Junior Statistical Officer","Database Management"
"Ministry of Statistics & Programme Implementation (MoSPI)","Programme Implementation Wing","Junior Statistical Officer","AI / Machine Learning"
"Ministry of Statistics & Programme Implementation (MoSPI)","Programme Implementation Wing","Junior Statistical Officer","Cyber Security"
"Ministry of Statistics & Programme Implementation (MoSPI)","Programme Implementation Wing","Junior Statistical Officer","e-Governance"
"Ministry of Statistics & Programme Implementation (MoSPI)","Programme Implementation Wing","Junior Statistical Officer","Learning & Development"
"Ministry of Statistics & Programme Implementation (MoSPI)","Programme Implementation Wing","Other","Statistical Analysis"
"Ministry of Statistics & Programme Implementation (MoSPI)","Programme Implementation Wing","Other","Data Analysis"
"Ministry of Statistics & Programme Implementation (MoSPI)","Programme Implementation Wing","Other","Survey Operations"
"Ministry of Statistics & Programme Implementation (MoSPI)","Programme Implementation Wing","Other","Sampling"
"Ministry of Statistics & Programme Implementation (MoSPI)","Programme Implementation Wing","Other","Data Quality & Validation"
"Ministry of Statistics & Programme Implementation (MoSPI)","Programme Implementation Wing","Other","Research & Analysis"
"Ministry of Statistics & Programme Implementation (MoSPI)","Programme Implementation Wing","Other","Economic Statistics"
"Ministry of Statistics & Programme Implementation (MoSPI)","Programme Implementation Wing","Other","Social Statistics"
"Ministry of Statistics & Programme Implementation (MoSPI)","Programme Implementation Wing","Other","Demographic Statistics"
"Ministry of Statistics & Programme Implementation (MoSPI)","Programme Implementation Wing","Other","Statistical Computing"
"Ministry of Statistics & Programme Implementation (MoSPI)","Programme Implementation Wing","Other","Data Management"
"Ministry of Statistics & Programme Implementation (MoSPI)","Programme Implementation Wing","Other","Data Governance"
"Ministry of Statistics & Programme Implementation (MoSPI)","Programme Implementation Wing","Other","Policy Analysis"
"Ministry of Statistics & Programme Implementation (MoSPI)","Programme Implementation Wing","Other","Programme Management"
"Ministry of Statistics & Programme Implementation (MoSPI)","Programme Implementation Wing","Other","Monitoring & Evaluation"
"Ministry of Statistics & Programme Implementation (MoSPI)","Programme Implementation Wing","Other","Training & Capacity Building"
"Ministry of Statistics & Programme Implementation (MoSPI)","Programme Implementation Wing","Other","Administration"
"Ministry of Statistics & Programme Implementation (MoSPI)","Programme Implementation Wing","Other","Finance & Accounts"
"Ministry of Statistics & Programme Implementation (MoSPI)","Programme Implementation Wing","Other","IT / Digital Systems"
"Ministry of Statistics & Programme Implementation (MoSPI)","Programme Implementation Wing","Other","Database Management"
"Ministry of Statistics & Programme Implementation (MoSPI)","Programme Implementation Wing","Other","AI / Machine Learning"
"Ministry of Statistics & Programme Implementation (MoSPI)","Programme Implementation Wing","Other","Cyber Security"
"Ministry of Statistics & Programme Implementation (MoSPI)","Programme Implementation Wing","Other","e-Governance"
"Ministry of Statistics & Programme Implementation (MoSPI)","Programme Implementation Wing","Other","Learning & Development"
"National Statistical Office (NSO)","Survey Design and Research","Director","Statistical Analysis"
"National Statistical Office (NSO)","Survey Design and Research","Director","Data Analysis"
"National Statistical Office (NSO)","Survey Design and Research","Director","Survey Operations"
"National Statistical Office (NSO)","Survey Design and Research","Director","Sampling"
"National Statistical Office (NSO)","Survey Design and Research","Director","Data Quality & Validation"
"National Statistical Office (NSO)","Survey Design and Research","Director","Research & Analysis"
"National Statistical Office (NSO)","Survey Design and Research","Director","Economic Statistics"
"National Statistical Office (NSO)","Survey Design and Research","Director","Social Statistics"
"National Statistical Office (NSO)","Survey Design and Research","Director","Demographic Statistics"
"National Statistical Office (NSO)","Survey Design and Research","Director","Statistical Computing"
"National Statistical Office (NSO)","Survey Design and Research","Director","Data Management"
"National Statistical Office (NSO)","Survey Design and Research","Director","Data Governance"
"National Statistical Office (NSO)","Survey Design and Research","Director","Policy Analysis"
"National Statistical Office (NSO)","Survey Design and Research","Director","Programme Management"
"National Statistical Office (NSO)","Survey Design and Research","Director","Monitoring & Evaluation"
"National Statistical Office (NSO)","Survey Design and Research","Director","Training & Capacity Building"
"National Statistical Office (NSO)","Survey Design and Research","Director","Administration"
"National Statistical Office (NSO)","Survey Design and Research","Director","Finance & Accounts"
"National Statistical Office (NSO)","Survey Design and Research","Director","IT / Digital Systems"
"National Statistical Office (NSO)","Survey Design and Research","Director","Database Management"
"National Statistical Office (NSO)","Survey Design and Research","Director","AI / Machine Learning"
"National Statistical Office (NSO)","Survey Design and Research","Director","Cyber Security"
"National Statistical Office (NSO)","Survey Design and Research","Director","e-Governance"
"National Statistical Office (NSO)","Survey Design and Research","Director","Learning & Development"
"National Statistical Office (NSO)","Survey Design and Research","Deputy Director","Statistical Analysis"
"National Statistical Office (NSO)","Survey Design and Research","Deputy Director","Data Analysis"
"National Statistical Office (NSO)","Survey Design and Research","Deputy Director","Survey Operations"
"National Statistical Office (NSO)","Survey Design and Research","Deputy Director","Sampling"
"National Statistical Office (NSO)","Survey Design and Research","Deputy Director","Data Quality & Validation"
"National Statistical Office (NSO)","Survey Design and Research","Deputy Director","Research & Analysis"
"National Statistical Office (NSO)","Survey Design and Research","Deputy Director","Economic Statistics"
"National Statistical Office (NSO)","Survey Design and Research","Deputy Director","Social Statistics"
"National Statistical Office (NSO)","Survey Design and Research","Deputy Director","Demographic Statistics"
"National Statistical Office (NSO)","Survey Design and Research","Deputy Director","Statistical Computing"
"National Statistical Office (NSO)","Survey Design and Research","Deputy Director","Data Management"
"National Statistical Office (NSO)","Survey Design and Research","Deputy Director","Data Governance"
"National Statistical Office (NSO)","Survey Design and Research","Deputy Director","Policy Analysis"
"National Statistical Office (NSO)","Survey Design and Research","Deputy Director","Programme Management"
"National Statistical Office (NSO)","Survey Design and Research","Deputy Director","Monitoring & Evaluation"
"National Statistical Office (NSO)","Survey Design and Research","Deputy Director","Training & Capacity Building"
"National Statistical Office (NSO)","Survey Design and Research","Deputy Director","Administration"
"National Statistical Office (NSO)","Survey Design and Research","Deputy Director","Finance & Accounts"
"National Statistical Office (NSO)","Survey Design and Research","Deputy Director","IT / Digital Systems"
"National Statistical Office (NSO)","Survey Design and Research","Deputy Director","Database Management"
"National Statistical Office (NSO)","Survey Design and Research","Deputy Director","AI / Machine Learning"
"National Statistical Office (NSO)","Survey Design and Research","Deputy Director","Cyber Security"
"National Statistical Office (NSO)","Survey Design and Research","Deputy Director","e-Governance"
"National Statistical Office (NSO)","Survey Design and Research","Deputy Director","Learning & Development"
"National Statistical Office (NSO)","Survey Design and Research","Senior Statistical Officer","Statistical Analysis"
"National Statistical Office (NSO)","Survey Design and Research","Senior Statistical Officer","Data Analysis"
"National Statistical Office (NSO)","Survey Design and Research","Senior Statistical Officer","Survey Operations"
"National Statistical Office (NSO)","Survey Design and Research","Senior Statistical Officer","Sampling"
"National Statistical Office (NSO)","Survey Design and Research","Senior Statistical Officer","Data Quality & Validation"
"National Statistical Office (NSO)","Survey Design and Research","Senior Statistical Officer","Research & Analysis"
"National Statistical Office (NSO)","Survey Design and Research","Senior Statistical Officer","Economic Statistics"
"National Statistical Office (NSO)","Survey Design and Research","Senior Statistical Officer","Social Statistics"
"National Statistical Office (NSO)","Survey Design and Research","Senior Statistical Officer","Demographic Statistics"
"National Statistical Office (NSO)","Survey Design and Research","Senior Statistical Officer","Statistical Computing"
"National Statistical Office (NSO)","Survey Design and Research","Senior Statistical Officer","Data Management"
"National Statistical Office (NSO)","Survey Design and Research","Senior Statistical Officer","Data Governance"
"National Statistical Office (NSO)","Survey Design and Research","Senior Statistical Officer","Policy Analysis"
"National Statistical Office (NSO)","Survey Design and Research","Senior Statistical Officer","Programme Management"
"National Statistical Office (NSO)","Survey Design and Research","Senior Statistical Officer","Monitoring & Evaluation"
"National Statistical Office (NSO)","Survey Design and Research","Senior Statistical Officer","Training & Capacity Building"
"National Statistical Office (NSO)","Survey Design and Research","Senior Statistical Officer","Administration"
"National Statistical Office (NSO)","Survey Design and Research","Senior Statistical Officer","Finance & Accounts"
"National Statistical Office (NSO)","Survey Design and Research","Senior Statistical Officer","IT / Digital Systems"
"National Statistical Office (NSO)","Survey Design and Research","Senior Statistical Officer","Database Management"
"National Statistical Office (NSO)","Survey Design and Research","Senior Statistical Officer","AI / Machine Learning"
"National Statistical Office (NSO)","Survey Design and Research","Senior Statistical Officer","Cyber Security"
"National Statistical Office (NSO)","Survey Design and Research","Senior Statistical Officer","e-Governance"
"National Statistical Office (NSO)","Survey Design and Research","Senior Statistical Officer","Learning & Development"
"National Statistical Office (NSO)","Survey Design and Research","Junior Statistical Officer","Statistical Analysis"
"National Statistical Office (NSO)","Survey Design and Research","Junior Statistical Officer","Data Analysis"
"National Statistical Office (NSO)","Survey Design and Research","Junior Statistical Officer","Survey Operations"
"National Statistical Office (NSO)","Survey Design and Research","Junior Statistical Officer","Sampling"
"National Statistical Office (NSO)","Survey Design and Research","Junior Statistical Officer","Data Quality & Validation"
"National Statistical Office (NSO)","Survey Design and Research","Junior Statistical Officer","Research & Analysis"
"National Statistical Office (NSO)","Survey Design and Research","Junior Statistical Officer","Economic Statistics"
"National Statistical Office (NSO)","Survey Design and Research","Junior Statistical Officer","Social Statistics"
"National Statistical Office (NSO)","Survey Design and Research","Junior Statistical Officer","Demographic Statistics"
"National Statistical Office (NSO)","Survey Design and Research","Junior Statistical Officer","Statistical Computing"
"National Statistical Office (NSO)","Survey Design and Research","Junior Statistical Officer","Data Management"
"National Statistical Office (NSO)","Survey Design and Research","Junior Statistical Officer","Data Governance"
"National Statistical Office (NSO)","Survey Design and Research","Junior Statistical Officer","Policy Analysis"
"National Statistical Office (NSO)","Survey Design and Research","Junior Statistical Officer","Programme Management"
"National Statistical Office (NSO)","Survey Design and Research","Junior Statistical Officer","Monitoring & Evaluation"
"National Statistical Office (NSO)","Survey Design and Research","Junior Statistical Officer","Training & Capacity Building"
"National Statistical Office (NSO)","Survey Design and Research","Junior Statistical Officer","Administration"
"National Statistical Office (NSO)","Survey Design and Research","Junior Statistical Officer","Finance & Accounts"
"National Statistical Office (NSO)","Survey Design and Research","Junior Statistical Officer","IT / Digital Systems"
"National Statistical Office (NSO)","Survey Design and Research","Junior Statistical Officer","Database Management"
"National Statistical Office (NSO)","Survey Design and Research","Junior Statistical Officer","AI / Machine Learning"
"National Statistical Office (NSO)","Survey Design and Research","Junior Statistical Officer","Cyber Security"
"National Statistical Office (NSO)","Survey Design and Research","Junior Statistical Officer","e-Governance"
"National Statistical Office (NSO)","Survey Design and Research","Junior Statistical Officer","Learning & Development"
"National Statistical Office (NSO)","Survey Design and Research","Other","Statistical Analysis"
"National Statistical Office (NSO)","Survey Design and Research","Other","Data Analysis"
"National Statistical Office (NSO)","Survey Design and Research","Other","Survey Operations"
"National Statistical Office (NSO)","Survey Design and Research","Other","Sampling"
"National Statistical Office (NSO)","Survey Design and Research","Other","Data Quality & Validation"
"National Statistical Office (NSO)","Survey Design and Research","Other","Research & Analysis"
"National Statistical Office (NSO)","Survey Design and Research","Other","Economic Statistics"
"National Statistical Office (NSO)","Survey Design and Research","Other","Social Statistics"
"National Statistical Office (NSO)","Survey Design and Research","Other","Demographic Statistics"
"National Statistical Office (NSO)","Survey Design and Research","Other","Statistical Computing"
"National Statistical Office (NSO)","Survey Design and Research","Other","Data Management"
"National Statistical Office (NSO)","Survey Design and Research","Other","Data Governance"
"National Statistical Office (NSO)","Survey Design and Research","Other","Policy Analysis"
"National Statistical Office (NSO)","Survey Design and Research","Other","Programme Management"
"National Statistical Office (NSO)","Survey Design and Research","Other","Monitoring & Evaluation"
"National Statistical Office (NSO)","Survey Design and Research","Other","Training & Capacity Building"
"National Statistical Office (NSO)","Survey Design and Research","Other","Administration"
"National Statistical Office (NSO)","Survey Design and Research","Other","Finance & Accounts"
"National Statistical Office (NSO)","Survey Design and Research","Other","IT / Digital Systems"
"National Statistical Office (NSO)","Survey Design and Research","Other","Database Management"
"National Statistical Office (NSO)","Survey Design and Research","Other","AI / Machine Learning"
"National Statistical Office (NSO)","Survey Design and Research","Other","Cyber Security"
"National Statistical Office (NSO)","Survey Design and Research","Other","e-Governance"
"National Statistical Office (NSO)","Survey Design and Research","Other","Learning & Development"
"National Statistical Office (NSO)","Field Operations Division","Deputy Director General","Statistical Analysis"
"National Statistical Office (NSO)","Field Operations Division","Deputy Director General","Data Analysis"
"National Statistical Office (NSO)","Field Operations Division","Deputy Director General","Survey Operations"
"National Statistical Office (NSO)","Field Operations Division","Deputy Director General","Sampling"
"National Statistical Office (NSO)","Field Operations Division","Deputy Director General","Data Quality & Validation"
"National Statistical Office (NSO)","Field Operations Division","Deputy Director General","Research & Analysis"
"National Statistical Office (NSO)","Field Operations Division","Deputy Director General","Economic Statistics"
"National Statistical Office (NSO)","Field Operations Division","Deputy Director General","Social Statistics"
"National Statistical Office (NSO)","Field Operations Division","Deputy Director General","Demographic Statistics"
"National Statistical Office (NSO)","Field Operations Division","Deputy Director General","Statistical Computing"
"National Statistical Office (NSO)","Field Operations Division","Deputy Director General","Data Management"
"National Statistical Office (NSO)","Field Operations Division","Deputy Director General","Data Governance"
"National Statistical Office (NSO)","Field Operations Division","Deputy Director General","Policy Analysis"
"National Statistical Office (NSO)","Field Operations Division","Deputy Director General","Programme Management"
"National Statistical Office (NSO)","Field Operations Division","Deputy Director General","Monitoring & Evaluation"
"National Statistical Office (NSO)","Field Operations Division","Deputy Director General","Training & Capacity Building"
"National Statistical Office (NSO)","Field Operations Division","Deputy Director General","Administration"
"National Statistical Office (NSO)","Field Operations Division","Deputy Director General","Finance & Accounts"
"National Statistical Office (NSO)","Field Operations Division","Deputy Director General","IT / Digital Systems"
"National Statistical Office (NSO)","Field Operations Division","Deputy Director General","Database Management"
"National Statistical Office (NSO)","Field Operations Division","Deputy Director General","AI / Machine Learning"
"National Statistical Office (NSO)","Field Operations Division","Deputy Director General","Cyber Security"
"National Statistical Office (NSO)","Field Operations Division","Deputy Director General","e-Governance"
"National Statistical Office (NSO)","Field Operations Division","Deputy Director General","Learning & Development"
"National Statistical Office (NSO)","Field Operations Division","Superintending Officer","Statistical Analysis"
"National Statistical Office (NSO)","Field Operations Division","Superintending Officer","Data Analysis"
"National Statistical Office (NSO)","Field Operations Division","Superintending Officer","Survey Operations"
"National Statistical Office (NSO)","Field Operations Division","Superintending Officer","Sampling"
"National Statistical Office (NSO)","Field Operations Division","Superintending Officer","Data Quality & Validation"
"National Statistical Office (NSO)","Field Operations Division","Superintending Officer","Research & Analysis"
"National Statistical Office (NSO)","Field Operations Division","Superintending Officer","Economic Statistics"
"National Statistical Office (NSO)","Field Operations Division","Superintending Officer","Social Statistics"
"National Statistical Office (NSO)","Field Operations Division","Superintending Officer","Demographic Statistics"
"National Statistical Office (NSO)","Field Operations Division","Superintending Officer","Statistical Computing"
"National Statistical Office (NSO)","Field Operations Division","Superintending Officer","Data Management"
"National Statistical Office (NSO)","Field Operations Division","Superintending Officer","Data Governance"
"National Statistical Office (NSO)","Field Operations Division","Superintending Officer","Policy Analysis"
"National Statistical Office (NSO)","Field Operations Division","Superintending Officer","Programme Management"
"National Statistical Office (NSO)","Field Operations Division","Superintending Officer","Monitoring & Evaluation"
"National Statistical Office (NSO)","Field Operations Division","Superintending Officer","Training & Capacity Building"
"National Statistical Office (NSO)","Field Operations Division","Superintending Officer","Administration"
"National Statistical Office (NSO)","Field Operations Division","Superintending Officer","Finance & Accounts"
"National Statistical Office (NSO)","Field Operations Division","Superintending Officer","IT / Digital Systems"
"National Statistical Office (NSO)","Field Operations Division","Superintending Officer","Database Management"
"National Statistical Office (NSO)","Field Operations Division","Superintending Officer","AI / Machine Learning"
"National Statistical Office (NSO)","Field Operations Division","Superintending Officer","Cyber Security"
"National Statistical Office (NSO)","Field Operations Division","Superintending Officer","e-Governance"
"National Statistical Office (NSO)","Field Operations Division","Superintending Officer","Learning & Development"
"National Statistical Office (NSO)","Field Operations Division","Field Investigator","Survey Operations"
"National Statistical Office (NSO)","Field Operations Division","Field Investigator","Sampling"
"National Statistical Office (NSO)","Data Processing Division","Director","Statistical Analysis"
"National Statistical Office (NSO)","Data Processing Division","Director","Data Analysis"
"National Statistical Office (NSO)","Data Processing Division","Director","Survey Operations"
"National Statistical Office (NSO)","Data Processing Division","Director","Sampling"
"National Statistical Office (NSO)","Data Processing Division","Director","Data Quality & Validation"
"National Statistical Office (NSO)","Data Processing Division","Director","Research & Analysis"
"National Statistical Office (NSO)","Data Processing Division","Director","Economic Statistics"
"National Statistical Office (NSO)","Data Processing Division","Director","Social Statistics"
"National Statistical Office (NSO)","Data Processing Division","Director","Demographic Statistics"
"National Statistical Office (NSO)","Data Processing Division","Director","Statistical Computing"
"National Statistical Office (NSO)","Data Processing Division","Director","Data Management"
"National Statistical Office (NSO)","Data Processing Division","Director","Data Governance"
"National Statistical Office (NSO)","Data Processing Division","Director","Policy Analysis"
"National Statistical Office (NSO)","Data Processing Division","Director","Programme Management"
"National Statistical Office (NSO)","Data Processing Division","Director","Monitoring & Evaluation"
"National Statistical Office (NSO)","Data Processing Division","Director","Training & Capacity Building"
"National Statistical Office (NSO)","Data Processing Division","Director","Administration"
"National Statistical Office (NSO)","Data Processing Division","Director","Finance & Accounts"
"National Statistical Office (NSO)","Data Processing Division","Director","IT / Digital Systems"
"National Statistical Office (NSO)","Data Processing Division","Director","Database Management"
"National Statistical Office (NSO)","Data Processing Division","Director","AI / Machine Learning"
"National Statistical Office (NSO)","Data Processing Division","Director","Cyber Security"
"National Statistical Office (NSO)","Data Processing Division","Director","e-Governance"
"National Statistical Office (NSO)","Data Processing Division","Director","Learning & Development"
"National Statistical Office (NSO)","Data Processing Division","Deputy Director","Statistical Analysis"
"National Statistical Office (NSO)","Data Processing Division","Deputy Director","Data Analysis"
"National Statistical Office (NSO)","Data Processing Division","Deputy Director","Survey Operations"
"National Statistical Office (NSO)","Data Processing Division","Deputy Director","Sampling"
"National Statistical Office (NSO)","Data Processing Division","Deputy Director","Data Quality & Validation"
"National Statistical Office (NSO)","Data Processing Division","Deputy Director","Research & Analysis"
"National Statistical Office (NSO)","Data Processing Division","Deputy Director","Economic Statistics"
"National Statistical Office (NSO)","Data Processing Division","Deputy Director","Social Statistics"
"National Statistical Office (NSO)","Data Processing Division","Deputy Director","Demographic Statistics"
"National Statistical Office (NSO)","Data Processing Division","Deputy Director","Statistical Computing"
"National Statistical Office (NSO)","Data Processing Division","Deputy Director","Data Management"
"National Statistical Office (NSO)","Data Processing Division","Deputy Director","Data Governance"
"National Statistical Office (NSO)","Data Processing Division","Deputy Director","Policy Analysis"
"National Statistical Office (NSO)","Data Processing Division","Deputy Director","Programme Management"
"National Statistical Office (NSO)","Data Processing Division","Deputy Director","Monitoring & Evaluation"
"National Statistical Office (NSO)","Data Processing Division","Deputy Director","Training & Capacity Building"
"National Statistical Office (NSO)","Data Processing Division","Deputy Director","Administration"
"National Statistical Office (NSO)","Data Processing Division","Deputy Director","Finance & Accounts"
"National Statistical Office (NSO)","Data Processing Division","Deputy Director","IT / Digital Systems"
"National Statistical Office (NSO)","Data Processing Division","Deputy Director","Database Management"
"National Statistical Office (NSO)","Data Processing Division","Deputy Director","AI / Machine Learning"
"National Statistical Office (NSO)","Data Processing Division","Deputy Director","Cyber Security"
"National Statistical Office (NSO)","Data Processing Division","Deputy Director","e-Governance"
"National Statistical Office (NSO)","Data Processing Division","Deputy Director","Learning & Development"
"National Statistical Office (NSO)","Data Processing Division","Senior Statistical Officer","Statistical Analysis"
"National Statistical Office (NSO)","Data Processing Division","Senior Statistical Officer","Data Analysis"
"National Statistical Office (NSO)","Data Processing Division","Senior Statistical Officer","Survey Operations"
"National Statistical Office (NSO)","Data Processing Division","Senior Statistical Officer","Sampling"
"National Statistical Office (NSO)","Data Processing Division","Senior Statistical Officer","Data Quality & Validation"
"National Statistical Office (NSO)","Data Processing Division","Senior Statistical Officer","Research & Analysis"
"National Statistical Office (NSO)","Data Processing Division","Senior Statistical Officer","Economic Statistics"
"National Statistical Office (NSO)","Data Processing Division","Senior Statistical Officer","Social Statistics"
"National Statistical Office (NSO)","Data Processing Division","Senior Statistical Officer","Demographic Statistics"
"National Statistical Office (NSO)","Data Processing Division","Senior Statistical Officer","Statistical Computing"
"National Statistical Office (NSO)","Data Processing Division","Senior Statistical Officer","Data Management"
"National Statistical Office (NSO)","Data Processing Division","Senior Statistical Officer","Data Governance"
"National Statistical Office (NSO)","Data Processing Division","Senior Statistical Officer","Policy Analysis"
"National Statistical Office (NSO)","Data Processing Division","Senior Statistical Officer","Programme Management"
"National Statistical Office (NSO)","Data Processing Division","Senior Statistical Officer","Monitoring & Evaluation"
"National Statistical Office (NSO)","Data Processing Division","Senior Statistical Officer","Training & Capacity Building"
"National Statistical Office (NSO)","Data Processing Division","Senior Statistical Officer","Administration"
"National Statistical Office (NSO)","Data Processing Division","Senior Statistical Officer","Finance & Accounts"
"National Statistical Office (NSO)","Data Processing Division","Senior Statistical Officer","IT / Digital Systems"
"National Statistical Office (NSO)","Data Processing Division","Senior Statistical Officer","Database Management"
"National Statistical Office (NSO)","Data Processing Division","Senior Statistical Officer","AI / Machine Learning"
"National Statistical Office (NSO)","Data Processing Division","Senior Statistical Officer","Cyber Security"
"National Statistical Office (NSO)","Data Processing Division","Senior Statistical Officer","e-Governance"
"National Statistical Office (NSO)","Data Processing Division","Senior Statistical Officer","Learning & Development"
"National Statistical Office (NSO)","Data Processing Division","Junior Statistical Officer","Statistical Analysis"
"National Statistical Office (NSO)","Data Processing Division","Junior Statistical Officer","Data Analysis"
"National Statistical Office (NSO)","Data Processing Division","Junior Statistical Officer","Survey Operations"
"National Statistical Office (NSO)","Data Processing Division","Junior Statistical Officer","Sampling"
"National Statistical Office (NSO)","Data Processing Division","Junior Statistical Officer","Data Quality & Validation"
"National Statistical Office (NSO)","Data Processing Division","Junior Statistical Officer","Research & Analysis"
"National Statistical Office (NSO)","Data Processing Division","Junior Statistical Officer","Economic Statistics"
"National Statistical Office (NSO)","Data Processing Division","Junior Statistical Officer","Social Statistics"
"National Statistical Office (NSO)","Data Processing Division","Junior Statistical Officer","Demographic Statistics"
"National Statistical Office (NSO)","Data Processing Division","Junior Statistical Officer","Statistical Computing"
"National Statistical Office (NSO)","Data Processing Division","Junior Statistical Officer","Data Management"
"National Statistical Office (NSO)","Data Processing Division","Junior Statistical Officer","Data Governance"
"National Statistical Office (NSO)","Data Processing Division","Junior Statistical Officer","Policy Analysis"
"National Statistical Office (NSO)","Data Processing Division","Junior Statistical Officer","Programme Management"
"National Statistical Office (NSO)","Data Processing Division","Junior Statistical Officer","Monitoring & Evaluation"
"National Statistical Office (NSO)","Data Processing Division","Junior Statistical Officer","Training & Capacity Building"
"National Statistical Office (NSO)","Data Processing Division","Junior Statistical Officer","Administration"
"National Statistical Office (NSO)","Data Processing Division","Junior Statistical Officer","Finance & Accounts"
"National Statistical Office (NSO)","Data Processing Division","Junior Statistical Officer","IT / Digital Systems"
"National Statistical Office (NSO)","Data Processing Division","Junior Statistical Officer","Database Management"
"National Statistical Office (NSO)","Data Processing Division","Junior Statistical Officer","AI / Machine Learning"
"National Statistical Office (NSO)","Data Processing Division","Junior Statistical Officer","Cyber Security"
"National Statistical Office (NSO)","Data Processing Division","Junior Statistical Officer","e-Governance"
"National Statistical Office (NSO)","Data Processing Division","Junior Statistical Officer","Learning & Development"
"National Statistical Office (NSO)","Data Processing Division","Other","Statistical Analysis"
"National Statistical Office (NSO)","Data Processing Division","Other","Data Analysis"
"National Statistical Office (NSO)","Data Processing Division","Other","Survey Operations"
"National Statistical Office (NSO)","Data Processing Division","Other","Sampling"
"National Statistical Office (NSO)","Data Processing Division","Other","Data Quality & Validation"
"National Statistical Office (NSO)","Data Processing Division","Other","Research & Analysis"
"National Statistical Office (NSO)","Data Processing Division","Other","Economic Statistics"
"National Statistical Office (NSO)","Data Processing Division","Other","Social Statistics"
"National Statistical Office (NSO)","Data Processing Division","Other","Demographic Statistics"
"National Statistical Office (NSO)","Data Processing Division","Other","Statistical Computing"
"National Statistical Office (NSO)","Data Processing Division","Other","Data Management"
"National Statistical Office (NSO)","Data Processing Division","Other","Data Governance"
"National Statistical Office (NSO)","Data Processing Division","Other","Policy Analysis"
"National Statistical Office (NSO)","Data Processing Division","Other","Programme Management"
"National Statistical Office (NSO)","Data Processing Division","Other","Monitoring & Evaluation"
"National Statistical Office (NSO)","Data Processing Division","Other","Training & Capacity Building"
"National Statistical Office (NSO)","Data Processing Division","Other","Administration"
"National Statistical Office (NSO)","Data Processing Division","Other","Finance & Accounts"
"National Statistical Office (NSO)","Data Processing Division","Other","IT / Digital Systems"
"National Statistical Office (NSO)","Data Processing Division","Other","Database Management"
"National Statistical Office (NSO)","Data Processing Division","Other","AI / Machine Learning"
"National Statistical Office (NSO)","Data Processing Division","Other","Cyber Security"
"National Statistical Office (NSO)","Data Processing Division","Other","e-Governance"
"National Statistical Office (NSO)","Data Processing Division","Other","Learning & Development"
"National Statistical Commission (NSC)","Policy and Coordination","Director","Statistical Analysis"
"National Statistical Commission (NSC)","Policy and Coordination","Director","Data Analysis"
"National Statistical Commission (NSC)","Policy and Coordination","Director","Survey Operations"
"National Statistical Commission (NSC)","Policy and Coordination","Director","Sampling"
"National Statistical Commission (NSC)","Policy and Coordination","Director","Data Quality & Validation"
"National Statistical Commission (NSC)","Policy and Coordination","Director","Research & Analysis"
"National Statistical Commission (NSC)","Policy and Coordination","Director","Economic Statistics"
"National Statistical Commission (NSC)","Policy and Coordination","Director","Social Statistics"
"National Statistical Commission (NSC)","Policy and Coordination","Director","Demographic Statistics"
"National Statistical Commission (NSC)","Policy and Coordination","Director","Statistical Computing"
"National Statistical Commission (NSC)","Policy and Coordination","Director","Data Management"
"National Statistical Commission (NSC)","Policy and Coordination","Director","Data Governance"
"National Statistical Commission (NSC)","Policy and Coordination","Director","Policy Analysis"
"National Statistical Commission (NSC)","Policy and Coordination","Director","Programme Management"
"National Statistical Commission (NSC)","Policy and Coordination","Director","Monitoring & Evaluation"
"National Statistical Commission (NSC)","Policy and Coordination","Director","Training & Capacity Building"
"National Statistical Commission (NSC)","Policy and Coordination","Director","Administration"
"National Statistical Commission (NSC)","Policy and Coordination","Director","Finance & Accounts"
"National Statistical Commission (NSC)","Policy and Coordination","Director","IT / Digital Systems"
"National Statistical Commission (NSC)","Policy and Coordination","Director","Database Management"
"National Statistical Commission (NSC)","Policy and Coordination","Director","AI / Machine Learning"
"National Statistical Commission (NSC)","Policy and Coordination","Director","Cyber Security"
"National Statistical Commission (NSC)","Policy and Coordination","Director","e-Governance"
"National Statistical Commission (NSC)","Policy and Coordination","Director","Learning & Development"
"National Statistical Commission (NSC)","Policy and Coordination","Deputy Director","Statistical Analysis"
"National Statistical Commission (NSC)","Policy and Coordination","Deputy Director","Data Analysis"
"National Statistical Commission (NSC)","Policy and Coordination","Deputy Director","Survey Operations"
"National Statistical Commission (NSC)","Policy and Coordination","Deputy Director","Sampling"
"National Statistical Commission (NSC)","Policy and Coordination","Deputy Director","Data Quality & Validation"
"National Statistical Commission (NSC)","Policy and Coordination","Deputy Director","Research & Analysis"
"National Statistical Commission (NSC)","Policy and Coordination","Deputy Director","Economic Statistics"
"National Statistical Commission (NSC)","Policy and Coordination","Deputy Director","Social Statistics"
"National Statistical Commission (NSC)","Policy and Coordination","Deputy Director","Demographic Statistics"
"National Statistical Commission (NSC)","Policy and Coordination","Deputy Director","Statistical Computing"
"National Statistical Commission (NSC)","Policy and Coordination","Deputy Director","Data Management"
"National Statistical Commission (NSC)","Policy and Coordination","Deputy Director","Data Governance"
"National Statistical Commission (NSC)","Policy and Coordination","Deputy Director","Policy Analysis"
"National Statistical Commission (NSC)","Policy and Coordination","Deputy Director","Programme Management"
"National Statistical Commission (NSC)","Policy and Coordination","Deputy Director","Monitoring & Evaluation"
"National Statistical Commission (NSC)","Policy and Coordination","Deputy Director","Training & Capacity Building"
"National Statistical Commission (NSC)","Policy and Coordination","Deputy Director","Administration"
"National Statistical Commission (NSC)","Policy and Coordination","Deputy Director","Finance & Accounts"
"National Statistical Commission (NSC)","Policy and Coordination","Deputy Director","IT / Digital Systems"
"National Statistical Commission (NSC)","Policy and Coordination","Deputy Director","Database Management"
"National Statistical Commission (NSC)","Policy and Coordination","Deputy Director","AI / Machine Learning"
"National Statistical Commission (NSC)","Policy and Coordination","Deputy Director","Cyber Security"
"National Statistical Commission (NSC)","Policy and Coordination","Deputy Director","e-Governance"
"National Statistical Commission (NSC)","Policy and Coordination","Deputy Director","Learning & Development"
"National Statistical Commission (NSC)","Policy and Coordination","Senior Statistical Officer","Statistical Analysis"
"National Statistical Commission (NSC)","Policy and Coordination","Senior Statistical Officer","Data Analysis"
"National Statistical Commission (NSC)","Policy and Coordination","Senior Statistical Officer","Survey Operations"
"National Statistical Commission (NSC)","Policy and Coordination","Senior Statistical Officer","Sampling"
"National Statistical Commission (NSC)","Policy and Coordination","Senior Statistical Officer","Data Quality & Validation"
"National Statistical Commission (NSC)","Policy and Coordination","Senior Statistical Officer","Research & Analysis"
"National Statistical Commission (NSC)","Policy and Coordination","Senior Statistical Officer","Economic Statistics"
"National Statistical Commission (NSC)","Policy and Coordination","Senior Statistical Officer","Social Statistics"
"National Statistical Commission (NSC)","Policy and Coordination","Senior Statistical Officer","Demographic Statistics"
"National Statistical Commission (NSC)","Policy and Coordination","Senior Statistical Officer","Statistical Computing"
"National Statistical Commission (NSC)","Policy and Coordination","Senior Statistical Officer","Data Management"
"National Statistical Commission (NSC)","Policy and Coordination","Senior Statistical Officer","Data Governance"
"National Statistical Commission (NSC)","Policy and Coordination","Senior Statistical Officer","Policy Analysis"
"National Statistical Commission (NSC)","Policy and Coordination","Senior Statistical Officer","Programme Management"
"National Statistical Commission (NSC)","Policy and Coordination","Senior Statistical Officer","Monitoring & Evaluation"
"National Statistical Commission (NSC)","Policy and Coordination","Senior Statistical Officer","Training & Capacity Building"
"National Statistical Commission (NSC)","Policy and Coordination","Senior Statistical Officer","Administration"
"National Statistical Commission (NSC)","Policy and Coordination","Senior Statistical Officer","Finance & Accounts"
"National Statistical Commission (NSC)","Policy and Coordination","Senior Statistical Officer","IT / Digital Systems"
"National Statistical Commission (NSC)","Policy and Coordination","Senior Statistical Officer","Database Management"
"National Statistical Commission (NSC)","Policy and Coordination","Senior Statistical Officer","AI / Machine Learning"
"National Statistical Commission (NSC)","Policy and Coordination","Senior Statistical Officer","Cyber Security"
"National Statistical Commission (NSC)","Policy and Coordination","Senior Statistical Officer","e-Governance"
"National Statistical Commission (NSC)","Policy and Coordination","Senior Statistical Officer","Learning & Development"
"National Statistical Commission (NSC)","Policy and Coordination","Junior Statistical Officer","Statistical Analysis"
"National Statistical Commission (NSC)","Policy and Coordination","Junior Statistical Officer","Data Analysis"
"National Statistical Commission (NSC)","Policy and Coordination","Junior Statistical Officer","Survey Operations"
"National Statistical Commission (NSC)","Policy and Coordination","Junior Statistical Officer","Sampling"
"National Statistical Commission (NSC)","Policy and Coordination","Junior Statistical Officer","Data Quality & Validation"
"National Statistical Commission (NSC)","Policy and Coordination","Junior Statistical Officer","Research & Analysis"
"National Statistical Commission (NSC)","Policy and Coordination","Junior Statistical Officer","Economic Statistics"
"National Statistical Commission (NSC)","Policy and Coordination","Junior Statistical Officer","Social Statistics"
"National Statistical Commission (NSC)","Policy and Coordination","Junior Statistical Officer","Demographic Statistics"
"National Statistical Commission (NSC)","Policy and Coordination","Junior Statistical Officer","Statistical Computing"
"National Statistical Commission (NSC)","Policy and Coordination","Junior Statistical Officer","Data Management"
"National Statistical Commission (NSC)","Policy and Coordination","Junior Statistical Officer","Data Governance"
"National Statistical Commission (NSC)","Policy and Coordination","Junior Statistical Officer","Policy Analysis"
"National Statistical Commission (NSC)","Policy and Coordination","Junior Statistical Officer","Programme Management"
"National Statistical Commission (NSC)","Policy and Coordination","Junior Statistical Officer","Monitoring & Evaluation"
"National Statistical Commission (NSC)","Policy and Coordination","Junior Statistical Officer","Training & Capacity Building"
"National Statistical Commission (NSC)","Policy and Coordination","Junior Statistical Officer","Administration"
"National Statistical Commission (NSC)","Policy and Coordination","Junior Statistical Officer","Finance & Accounts"
"National Statistical Commission (NSC)","Policy and Coordination","Junior Statistical Officer","IT / Digital Systems"
"National Statistical Commission (NSC)","Policy and Coordination","Junior Statistical Officer","Database Management"
"National Statistical Commission (NSC)","Policy and Coordination","Junior Statistical Officer","AI / Machine Learning"
"National Statistical Commission (NSC)","Policy and Coordination","Junior Statistical Officer","Cyber Security"
"National Statistical Commission (NSC)","Policy and Coordination","Junior Statistical Officer","e-Governance"
"National Statistical Commission (NSC)","Policy and Coordination","Junior Statistical Officer","Learning & Development"
"National Statistical Commission (NSC)","Policy and Coordination","Other","Statistical Analysis"
"National Statistical Commission (NSC)","Policy and Coordination","Other","Data Analysis"
"National Statistical Commission (NSC)","Policy and Coordination","Other","Survey Operations"
"National Statistical Commission (NSC)","Policy and Coordination","Other","Sampling"
"National Statistical Commission (NSC)","Policy and Coordination","Other","Data Quality & Validation"
"National Statistical Commission (NSC)","Policy and Coordination","Other","Research & Analysis"
"National Statistical Commission (NSC)","Policy and Coordination","Other","Economic Statistics"
"National Statistical Commission (NSC)","Policy and Coordination","Other","Social Statistics"
"National Statistical Commission (NSC)","Policy and Coordination","Other","Demographic Statistics"
"National Statistical Commission (NSC)","Policy and Coordination","Other","Statistical Computing"
"National Statistical Commission (NSC)","Policy and Coordination","Other","Data Management"
"National Statistical Commission (NSC)","Policy and Coordination","Other","Data Governance"
"National Statistical Commission (NSC)","Policy and Coordination","Other","Policy Analysis"
"National Statistical Commission (NSC)","Policy and Coordination","Other","Programme Management"
"National Statistical Commission (NSC)","Policy and Coordination","Other","Monitoring & Evaluation"
"National Statistical Commission (NSC)","Policy and Coordination","Other","Training & Capacity Building"
"National Statistical Commission (NSC)","Policy and Coordination","Other","Administration"
"National Statistical Commission (NSC)","Policy and Coordination","Other","Finance & Accounts"
"National Statistical Commission (NSC)","Policy and Coordination","Other","IT / Digital Systems"
"National Statistical Commission (NSC)","Policy and Coordination","Other","Database Management"
"National Statistical Commission (NSC)","Policy and Coordination","Other","AI / Machine Learning"
"National Statistical Commission (NSC)","Policy and Coordination","Other","Cyber Security"
"National Statistical Commission (NSC)","Policy and Coordination","Other","e-Governance"
"National Statistical Commission (NSC)","Policy and Coordination","Other","Learning & Development"
"National Statistical Commission (NSC)","Statistical Audit","Director","Statistical Analysis"
"National Statistical Commission (NSC)","Statistical Audit","Director","Data Analysis"
"National Statistical Commission (NSC)","Statistical Audit","Director","Survey Operations"
"National Statistical Commission (NSC)","Statistical Audit","Director","Sampling"
"National Statistical Commission (NSC)","Statistical Audit","Director","Data Quality & Validation"
"National Statistical Commission (NSC)","Statistical Audit","Director","Research & Analysis"
"National Statistical Commission (NSC)","Statistical Audit","Director","Economic Statistics"
"National Statistical Commission (NSC)","Statistical Audit","Director","Social Statistics"
"National Statistical Commission (NSC)","Statistical Audit","Director","Demographic Statistics"
"National Statistical Commission (NSC)","Statistical Audit","Director","Statistical Computing"
"National Statistical Commission (NSC)","Statistical Audit","Director","Data Management"
"National Statistical Commission (NSC)","Statistical Audit","Director","Data Governance"
"National Statistical Commission (NSC)","Statistical Audit","Director","Policy Analysis"
"National Statistical Commission (NSC)","Statistical Audit","Director","Programme Management"
"National Statistical Commission (NSC)","Statistical Audit","Director","Monitoring & Evaluation"
"National Statistical Commission (NSC)","Statistical Audit","Director","Training & Capacity Building"
"National Statistical Commission (NSC)","Statistical Audit","Director","Administration"
"National Statistical Commission (NSC)","Statistical Audit","Director","Finance & Accounts"
"National Statistical Commission (NSC)","Statistical Audit","Director","IT / Digital Systems"
"National Statistical Commission (NSC)","Statistical Audit","Director","Database Management"
"National Statistical Commission (NSC)","Statistical Audit","Director","AI / Machine Learning"
"National Statistical Commission (NSC)","Statistical Audit","Director","Cyber Security"
"National Statistical Commission (NSC)","Statistical Audit","Director","e-Governance"
"National Statistical Commission (NSC)","Statistical Audit","Director","Learning & Development"
"National Statistical Commission (NSC)","Statistical Audit","Deputy Director","Statistical Analysis"
"National Statistical Commission (NSC)","Statistical Audit","Deputy Director","Data Analysis"
"National Statistical Commission (NSC)","Statistical Audit","Deputy Director","Survey Operations"
"National Statistical Commission (NSC)","Statistical Audit","Deputy Director","Sampling"
"National Statistical Commission (NSC)","Statistical Audit","Deputy Director","Data Quality & Validation"
"National Statistical Commission (NSC)","Statistical Audit","Deputy Director","Research & Analysis"
"National Statistical Commission (NSC)","Statistical Audit","Deputy Director","Economic Statistics"
"National Statistical Commission (NSC)","Statistical Audit","Deputy Director","Social Statistics"
"National Statistical Commission (NSC)","Statistical Audit","Deputy Director","Demographic Statistics"
"National Statistical Commission (NSC)","Statistical Audit","Deputy Director","Statistical Computing"
"National Statistical Commission (NSC)","Statistical Audit","Deputy Director","Data Management"
"National Statistical Commission (NSC)","Statistical Audit","Deputy Director","Data Governance"
"National Statistical Commission (NSC)","Statistical Audit","Deputy Director","Policy Analysis"
"National Statistical Commission (NSC)","Statistical Audit","Deputy Director","Programme Management"
"National Statistical Commission (NSC)","Statistical Audit","Deputy Director","Monitoring & Evaluation"
"National Statistical Commission (NSC)","Statistical Audit","Deputy Director","Training & Capacity Building"
"National Statistical Commission (NSC)","Statistical Audit","Deputy Director","Administration"
"National Statistical Commission (NSC)","Statistical Audit","Deputy Director","Finance & Accounts"
"National Statistical Commission (NSC)","Statistical Audit","Deputy Director","IT / Digital Systems"
"National Statistical Commission (NSC)","Statistical Audit","Deputy Director","Database Management"
"National Statistical Commission (NSC)","Statistical Audit","Deputy Director","AI / Machine Learning"
"National Statistical Commission (NSC)","Statistical Audit","Deputy Director","Cyber Security"
"National Statistical Commission (NSC)","Statistical Audit","Deputy Director","e-Governance"
"National Statistical Commission (NSC)","Statistical Audit","Deputy Director","Learning & Development"
"National Statistical Commission (NSC)","Statistical Audit","Senior Statistical Officer","Statistical Analysis"
"National Statistical Commission (NSC)","Statistical Audit","Senior Statistical Officer","Data Analysis"
"National Statistical Commission (NSC)","Statistical Audit","Senior Statistical Officer","Survey Operations"
"National Statistical Commission (NSC)","Statistical Audit","Senior Statistical Officer","Sampling"
"National Statistical Commission (NSC)","Statistical Audit","Senior Statistical Officer","Data Quality & Validation"
"National Statistical Commission (NSC)","Statistical Audit","Senior Statistical Officer","Research & Analysis"
"National Statistical Commission (NSC)","Statistical Audit","Senior Statistical Officer","Economic Statistics"
"National Statistical Commission (NSC)","Statistical Audit","Senior Statistical Officer","Social Statistics"
"National Statistical Commission (NSC)","Statistical Audit","Senior Statistical Officer","Demographic Statistics"
"National Statistical Commission (NSC)","Statistical Audit","Senior Statistical Officer","Statistical Computing"
"National Statistical Commission (NSC)","Statistical Audit","Senior Statistical Officer","Data Management"
"National Statistical Commission (NSC)","Statistical Audit","Senior Statistical Officer","Data Governance"
"National Statistical Commission (NSC)","Statistical Audit","Senior Statistical Officer","Policy Analysis"
"National Statistical Commission (NSC)","Statistical Audit","Senior Statistical Officer","Programme Management"
"National Statistical Commission (NSC)","Statistical Audit","Senior Statistical Officer","Monitoring & Evaluation"
"National Statistical Commission (NSC)","Statistical Audit","Senior Statistical Officer","Training & Capacity Building"
"National Statistical Commission (NSC)","Statistical Audit","Senior Statistical Officer","Administration"
"National Statistical Commission (NSC)","Statistical Audit","Senior Statistical Officer","Finance & Accounts"
"National Statistical Commission (NSC)","Statistical Audit","Senior Statistical Officer","IT / Digital Systems"
"National Statistical Commission (NSC)","Statistical Audit","Senior Statistical Officer","Database Management"
"National Statistical Commission (NSC)","Statistical Audit","Senior Statistical Officer","AI / Machine Learning"
"National Statistical Commission (NSC)","Statistical Audit","Senior Statistical Officer","Cyber Security"
"National Statistical Commission (NSC)","Statistical Audit","Senior Statistical Officer","e-Governance"
"National Statistical Commission (NSC)","Statistical Audit","Senior Statistical Officer","Learning & Development"
"National Statistical Commission (NSC)","Statistical Audit","Junior Statistical Officer","Statistical Analysis"
"National Statistical Commission (NSC)","Statistical Audit","Junior Statistical Officer","Data Analysis"
"National Statistical Commission (NSC)","Statistical Audit","Junior Statistical Officer","Survey Operations"
"National Statistical Commission (NSC)","Statistical Audit","Junior Statistical Officer","Sampling"
"National Statistical Commission (NSC)","Statistical Audit","Junior Statistical Officer","Data Quality & Validation"
"National Statistical Commission (NSC)","Statistical Audit","Junior Statistical Officer","Research & Analysis"
"National Statistical Commission (NSC)","Statistical Audit","Junior Statistical Officer","Economic Statistics"
"National Statistical Commission (NSC)","Statistical Audit","Junior Statistical Officer","Social Statistics"
"National Statistical Commission (NSC)","Statistical Audit","Junior Statistical Officer","Demographic Statistics"
"National Statistical Commission (NSC)","Statistical Audit","Junior Statistical Officer","Statistical Computing"
"National Statistical Commission (NSC)","Statistical Audit","Junior Statistical Officer","Data Management"
"National Statistical Commission (NSC)","Statistical Audit","Junior Statistical Officer","Data Governance"
"National Statistical Commission (NSC)","Statistical Audit","Junior Statistical Officer","Policy Analysis"
"National Statistical Commission (NSC)","Statistical Audit","Junior Statistical Officer","Programme Management"
"National Statistical Commission (NSC)","Statistical Audit","Junior Statistical Officer","Monitoring & Evaluation"
"National Statistical Commission (NSC)","Statistical Audit","Junior Statistical Officer","Training & Capacity Building"
"National Statistical Commission (NSC)","Statistical Audit","Junior Statistical Officer","Administration"
"National Statistical Commission (NSC)","Statistical Audit","Junior Statistical Officer","Finance & Accounts"
"National Statistical Commission (NSC)","Statistical Audit","Junior Statistical Officer","IT / Digital Systems"
"National Statistical Commission (NSC)","Statistical Audit","Junior Statistical Officer","Database Management"
"National Statistical Commission (NSC)","Statistical Audit","Junior Statistical Officer","AI / Machine Learning"
"National Statistical Commission (NSC)","Statistical Audit","Junior Statistical Officer","Cyber Security"
"National Statistical Commission (NSC)","Statistical Audit","Junior Statistical Officer","e-Governance"
"National Statistical Commission (NSC)","Statistical Audit","Junior Statistical Officer","Learning & Development"
"National Statistical Commission (NSC)","Statistical Audit","Other","Statistical Analysis"
"National Statistical Commission (NSC)","Statistical Audit","Other","Data Analysis"
"National Statistical Commission (NSC)","Statistical Audit","Other","Survey Operations"
"National Statistical Commission (NSC)","Statistical Audit","Other","Sampling"
"National Statistical Commission (NSC)","Statistical Audit","Other","Data Quality & Validation"
"National Statistical Commission (NSC)","Statistical Audit","Other","Research & Analysis"
"National Statistical Commission (NSC)","Statistical Audit","Other","Economic Statistics"
"National Statistical Commission (NSC)","Statistical Audit","Other","Social Statistics"
"National Statistical Commission (NSC)","Statistical Audit","Other","Demographic Statistics"
"National Statistical Commission (NSC)","Statistical Audit","Other","Statistical Computing"
"National Statistical Commission (NSC)","Statistical Audit","Other","Data Management"
"National Statistical Commission (NSC)","Statistical Audit","Other","Data Governance"
"National Statistical Commission (NSC)","Statistical Audit","Other","Policy Analysis"
"National Statistical Commission (NSC)","Statistical Audit","Other","Programme Management"
"National Statistical Commission (NSC)","Statistical Audit","Other","Monitoring & Evaluation"
"National Statistical Commission (NSC)","Statistical Audit","Other","Training & Capacity Building"
"National Statistical Commission (NSC)","Statistical Audit","Other","Administration"
"National Statistical Commission (NSC)","Statistical Audit","Other","Finance & Accounts"
"National Statistical Commission (NSC)","Statistical Audit","Other","IT / Digital Systems"
"National Statistical Commission (NSC)","Statistical Audit","Other","Database Management"
"National Statistical Commission (NSC)","Statistical Audit","Other","AI / Machine Learning"
"National Statistical Commission (NSC)","Statistical Audit","Other","Cyber Security"
"National Statistical Commission (NSC)","Statistical Audit","Other","e-Governance"
"National Statistical Commission (NSC)","Statistical Audit","Other","Learning & Development"
"National Statistical Training Academy (NSSTA)","Training Operations","Director","Statistical Analysis"
"National Statistical Training Academy (NSSTA)","Training Operations","Director","Data Analysis"
"National Statistical Training Academy (NSSTA)","Training Operations","Director","Survey Operations"
"National Statistical Training Academy (NSSTA)","Training Operations","Director","Sampling"
"National Statistical Training Academy (NSSTA)","Training Operations","Director","Data Quality & Validation"
"National Statistical Training Academy (NSSTA)","Training Operations","Director","Research & Analysis"
"National Statistical Training Academy (NSSTA)","Training Operations","Director","Economic Statistics"
"National Statistical Training Academy (NSSTA)","Training Operations","Director","Social Statistics"
"National Statistical Training Academy (NSSTA)","Training Operations","Director","Demographic Statistics"
"National Statistical Training Academy (NSSTA)","Training Operations","Director","Statistical Computing"
"National Statistical Training Academy (NSSTA)","Training Operations","Director","Data Management"
"National Statistical Training Academy (NSSTA)","Training Operations","Director","Data Governance"
"National Statistical Training Academy (NSSTA)","Training Operations","Director","Policy Analysis"
"National Statistical Training Academy (NSSTA)","Training Operations","Director","Programme Management"
"National Statistical Training Academy (NSSTA)","Training Operations","Director","Monitoring & Evaluation"
"National Statistical Training Academy (NSSTA)","Training Operations","Director","Training & Capacity Building"
"National Statistical Training Academy (NSSTA)","Training Operations","Director","Administration"
"National Statistical Training Academy (NSSTA)","Training Operations","Director","Finance & Accounts"
"National Statistical Training Academy (NSSTA)","Training Operations","Director","IT / Digital Systems"
"National Statistical Training Academy (NSSTA)","Training Operations","Director","Database Management"
"National Statistical Training Academy (NSSTA)","Training Operations","Director","AI / Machine Learning"
"National Statistical Training Academy (NSSTA)","Training Operations","Director","Cyber Security"
"National Statistical Training Academy (NSSTA)","Training Operations","Director","e-Governance"
"National Statistical Training Academy (NSSTA)","Training Operations","Director","Learning & Development"
"National Statistical Training Academy (NSSTA)","Training Operations","Deputy Director","Statistical Analysis"
"National Statistical Training Academy (NSSTA)","Training Operations","Deputy Director","Data Analysis"
"National Statistical Training Academy (NSSTA)","Training Operations","Deputy Director","Survey Operations"
"National Statistical Training Academy (NSSTA)","Training Operations","Deputy Director","Sampling"
"National Statistical Training Academy (NSSTA)","Training Operations","Deputy Director","Data Quality & Validation"
"National Statistical Training Academy (NSSTA)","Training Operations","Deputy Director","Research & Analysis"
"National Statistical Training Academy (NSSTA)","Training Operations","Deputy Director","Economic Statistics"
"National Statistical Training Academy (NSSTA)","Training Operations","Deputy Director","Social Statistics"
"National Statistical Training Academy (NSSTA)","Training Operations","Deputy Director","Demographic Statistics"
"National Statistical Training Academy (NSSTA)","Training Operations","Deputy Director","Statistical Computing"
"National Statistical Training Academy (NSSTA)","Training Operations","Deputy Director","Data Management"
"National Statistical Training Academy (NSSTA)","Training Operations","Deputy Director","Data Governance"
"National Statistical Training Academy (NSSTA)","Training Operations","Deputy Director","Policy Analysis"
"National Statistical Training Academy (NSSTA)","Training Operations","Deputy Director","Programme Management"
"National Statistical Training Academy (NSSTA)","Training Operations","Deputy Director","Monitoring & Evaluation"
"National Statistical Training Academy (NSSTA)","Training Operations","Deputy Director","Training & Capacity Building"
"National Statistical Training Academy (NSSTA)","Training Operations","Deputy Director","Administration"
"National Statistical Training Academy (NSSTA)","Training Operations","Deputy Director","Finance & Accounts"
"National Statistical Training Academy (NSSTA)","Training Operations","Deputy Director","IT / Digital Systems"
"National Statistical Training Academy (NSSTA)","Training Operations","Deputy Director","Database Management"
"National Statistical Training Academy (NSSTA)","Training Operations","Deputy Director","AI / Machine Learning"
"National Statistical Training Academy (NSSTA)","Training Operations","Deputy Director","Cyber Security"
"National Statistical Training Academy (NSSTA)","Training Operations","Deputy Director","e-Governance"
"National Statistical Training Academy (NSSTA)","Training Operations","Deputy Director","Learning & Development"
"National Statistical Training Academy (NSSTA)","Training Operations","Senior Statistical Officer","Statistical Analysis"
"National Statistical Training Academy (NSSTA)","Training Operations","Senior Statistical Officer","Data Analysis"
"National Statistical Training Academy (NSSTA)","Training Operations","Senior Statistical Officer","Survey Operations"
"National Statistical Training Academy (NSSTA)","Training Operations","Senior Statistical Officer","Sampling"
"National Statistical Training Academy (NSSTA)","Training Operations","Senior Statistical Officer","Data Quality & Validation"
"National Statistical Training Academy (NSSTA)","Training Operations","Senior Statistical Officer","Research & Analysis"
"National Statistical Training Academy (NSSTA)","Training Operations","Senior Statistical Officer","Economic Statistics"
"National Statistical Training Academy (NSSTA)","Training Operations","Senior Statistical Officer","Social Statistics"
"National Statistical Training Academy (NSSTA)","Training Operations","Senior Statistical Officer","Demographic Statistics"
"National Statistical Training Academy (NSSTA)","Training Operations","Senior Statistical Officer","Statistical Computing"
"National Statistical Training Academy (NSSTA)","Training Operations","Senior Statistical Officer","Data Management"
"National Statistical Training Academy (NSSTA)","Training Operations","Senior Statistical Officer","Data Governance"
"National Statistical Training Academy (NSSTA)","Training Operations","Senior Statistical Officer","Policy Analysis"
"National Statistical Training Academy (NSSTA)","Training Operations","Senior Statistical Officer","Programme Management"
"National Statistical Training Academy (NSSTA)","Training Operations","Senior Statistical Officer","Monitoring & Evaluation"
"National Statistical Training Academy (NSSTA)","Training Operations","Senior Statistical Officer","Training & Capacity Building"
"National Statistical Training Academy (NSSTA)","Training Operations","Senior Statistical Officer","Administration"
"National Statistical Training Academy (NSSTA)","Training Operations","Senior Statistical Officer","Finance & Accounts"
"National Statistical Training Academy (NSSTA)","Training Operations","Senior Statistical Officer","IT / Digital Systems"
"National Statistical Training Academy (NSSTA)","Training Operations","Senior Statistical Officer","Database Management"
"National Statistical Training Academy (NSSTA)","Training Operations","Senior Statistical Officer","AI / Machine Learning"
"National Statistical Training Academy (NSSTA)","Training Operations","Senior Statistical Officer","Cyber Security"
"National Statistical Training Academy (NSSTA)","Training Operations","Senior Statistical Officer","e-Governance"
"National Statistical Training Academy (NSSTA)","Training Operations","Senior Statistical Officer","Learning & Development"
"National Statistical Training Academy (NSSTA)","Training Operations","Junior Statistical Officer","Statistical Analysis"
"National Statistical Training Academy (NSSTA)","Training Operations","Junior Statistical Officer","Data Analysis"
"National Statistical Training Academy (NSSTA)","Training Operations","Junior Statistical Officer","Survey Operations"
"National Statistical Training Academy (NSSTA)","Training Operations","Junior Statistical Officer","Sampling"
"National Statistical Training Academy (NSSTA)","Training Operations","Junior Statistical Officer","Data Quality & Validation"
"National Statistical Training Academy (NSSTA)","Training Operations","Junior Statistical Officer","Research & Analysis"
"National Statistical Training Academy (NSSTA)","Training Operations","Junior Statistical Officer","Economic Statistics"
"National Statistical Training Academy (NSSTA)","Training Operations","Junior Statistical Officer","Social Statistics"
"National Statistical Training Academy (NSSTA)","Training Operations","Junior Statistical Officer","Demographic Statistics"
"National Statistical Training Academy (NSSTA)","Training Operations","Junior Statistical Officer","Statistical Computing"
"National Statistical Training Academy (NSSTA)","Training Operations","Junior Statistical Officer","Data Management"
"National Statistical Training Academy (NSSTA)","Training Operations","Junior Statistical Officer","Data Governance"
"National Statistical Training Academy (NSSTA)","Training Operations","Junior Statistical Officer","Policy Analysis"
"National Statistical Training Academy (NSSTA)","Training Operations","Junior Statistical Officer","Programme Management"
"National Statistical Training Academy (NSSTA)","Training Operations","Junior Statistical Officer","Monitoring & Evaluation"
"National Statistical Training Academy (NSSTA)","Training Operations","Junior Statistical Officer","Training & Capacity Building"
"National Statistical Training Academy (NSSTA)","Training Operations","Junior Statistical Officer","Administration"
"National Statistical Training Academy (NSSTA)","Training Operations","Junior Statistical Officer","Finance & Accounts"
"National Statistical Training Academy (NSSTA)","Training Operations","Junior Statistical Officer","IT / Digital Systems"
"National Statistical Training Academy (NSSTA)","Training Operations","Junior Statistical Officer","Database Management"
"National Statistical Training Academy (NSSTA)","Training Operations","Junior Statistical Officer","AI / Machine Learning"
"National Statistical Training Academy (NSSTA)","Training Operations","Junior Statistical Officer","Cyber Security"
"National Statistical Training Academy (NSSTA)","Training Operations","Junior Statistical Officer","e-Governance"
"National Statistical Training Academy (NSSTA)","Training Operations","Junior Statistical Officer","Learning & Development"
"National Statistical Training Academy (NSSTA)","Training Operations","Other","Statistical Analysis"
"National Statistical Training Academy (NSSTA)","Training Operations","Other","Data Analysis"
"National Statistical Training Academy (NSSTA)","Training Operations","Other","Survey Operations"
"National Statistical Training Academy (NSSTA)","Training Operations","Other","Sampling"
"National Statistical Training Academy (NSSTA)","Training Operations","Other","Data Quality & Validation"
"National Statistical Training Academy (NSSTA)","Training Operations","Other","Research & Analysis"
"National Statistical Training Academy (NSSTA)","Training Operations","Other","Economic Statistics"
"National Statistical Training Academy (NSSTA)","Training Operations","Other","Social Statistics"
"National Statistical Training Academy (NSSTA)","Training Operations","Other","Demographic Statistics"
"National Statistical Training Academy (NSSTA)","Training Operations","Other","Statistical Computing"
"National Statistical Training Academy (NSSTA)","Training Operations","Other","Data Management"
"National Statistical Training Academy (NSSTA)","Training Operations","Other","Data Governance"
"National Statistical Training Academy (NSSTA)","Training Operations","Other","Policy Analysis"
"National Statistical Training Academy (NSSTA)","Training Operations","Other","Programme Management"
"National Statistical Training Academy (NSSTA)","Training Operations","Other","Monitoring & Evaluation"
"National Statistical Training Academy (NSSTA)","Training Operations","Other","Training & Capacity Building"
"National Statistical Training Academy (NSSTA)","Training Operations","Other","Administration"
"National Statistical Training Academy (NSSTA)","Training Operations","Other","Finance & Accounts"
"National Statistical Training Academy (NSSTA)","Training Operations","Other","IT / Digital Systems"
"National Statistical Training Academy (NSSTA)","Training Operations","Other","Database Management"
"National Statistical Training Academy (NSSTA)","Training Operations","Other","AI / Machine Learning"
"National Statistical Training Academy (NSSTA)","Training Operations","Other","Cyber Security"
"National Statistical Training Academy (NSSTA)","Training Operations","Other","e-Governance"
"National Statistical Training Academy (NSSTA)","Training Operations","Other","Learning & Development"
"National Statistical Training Academy (NSSTA)","Curriculum Development","Director","Statistical Analysis"
"National Statistical Training Academy (NSSTA)","Curriculum Development","Director","Data Analysis"
"National Statistical Training Academy (NSSTA)","Curriculum Development","Director","Survey Operations"
"National Statistical Training Academy (NSSTA)","Curriculum Development","Director","Sampling"
"National Statistical Training Academy (NSSTA)","Curriculum Development","Director","Data Quality & Validation"
"National Statistical Training Academy (NSSTA)","Curriculum Development","Director","Research & Analysis"
"National Statistical Training Academy (NSSTA)","Curriculum Development","Director","Economic Statistics"
"National Statistical Training Academy (NSSTA)","Curriculum Development","Director","Social Statistics"
"National Statistical Training Academy (NSSTA)","Curriculum Development","Director","Demographic Statistics"
"National Statistical Training Academy (NSSTA)","Curriculum Development","Director","Statistical Computing"
"National Statistical Training Academy (NSSTA)","Curriculum Development","Director","Data Management"
"National Statistical Training Academy (NSSTA)","Curriculum Development","Director","Data Governance"
"National Statistical Training Academy (NSSTA)","Curriculum Development","Director","Policy Analysis"
"National Statistical Training Academy (NSSTA)","Curriculum Development","Director","Programme Management"
"National Statistical Training Academy (NSSTA)","Curriculum Development","Director","Monitoring & Evaluation"
"National Statistical Training Academy (NSSTA)","Curriculum Development","Director","Training & Capacity Building"
"National Statistical Training Academy (NSSTA)","Curriculum Development","Director","Administration"
"National Statistical Training Academy (NSSTA)","Curriculum Development","Director","Finance & Accounts"
"National Statistical Training Academy (NSSTA)","Curriculum Development","Director","IT / Digital Systems"
"National Statistical Training Academy (NSSTA)","Curriculum Development","Director","Database Management"
"National Statistical Training Academy (NSSTA)","Curriculum Development","Director","AI / Machine Learning"
"National Statistical Training Academy (NSSTA)","Curriculum Development","Director","Cyber Security"
"National Statistical Training Academy (NSSTA)","Curriculum Development","Director","e-Governance"
"National Statistical Training Academy (NSSTA)","Curriculum Development","Director","Learning & Development"
"National Statistical Training Academy (NSSTA)","Curriculum Development","Deputy Director","Statistical Analysis"
"National Statistical Training Academy (NSSTA)","Curriculum Development","Deputy Director","Data Analysis"
"National Statistical Training Academy (NSSTA)","Curriculum Development","Deputy Director","Survey Operations"
"National Statistical Training Academy (NSSTA)","Curriculum Development","Deputy Director","Sampling"
"National Statistical Training Academy (NSSTA)","Curriculum Development","Deputy Director","Data Quality & Validation"
"National Statistical Training Academy (NSSTA)","Curriculum Development","Deputy Director","Research & Analysis"
"National Statistical Training Academy (NSSTA)","Curriculum Development","Deputy Director","Economic Statistics"
"National Statistical Training Academy (NSSTA)","Curriculum Development","Deputy Director","Social Statistics"
"National Statistical Training Academy (NSSTA)","Curriculum Development","Deputy Director","Demographic Statistics"
"National Statistical Training Academy (NSSTA)","Curriculum Development","Deputy Director","Statistical Computing"
"National Statistical Training Academy (NSSTA)","Curriculum Development","Deputy Director","Data Management"
"National Statistical Training Academy (NSSTA)","Curriculum Development","Deputy Director","Data Governance"
"National Statistical Training Academy (NSSTA)","Curriculum Development","Deputy Director","Policy Analysis"
"National Statistical Training Academy (NSSTA)","Curriculum Development","Deputy Director","Programme Management"
"National Statistical Training Academy (NSSTA)","Curriculum Development","Deputy Director","Monitoring & Evaluation"
"National Statistical Training Academy (NSSTA)","Curriculum Development","Deputy Director","Training & Capacity Building"
"National Statistical Training Academy (NSSTA)","Curriculum Development","Deputy Director","Administration"
"National Statistical Training Academy (NSSTA)","Curriculum Development","Deputy Director","Finance & Accounts"
"National Statistical Training Academy (NSSTA)","Curriculum Development","Deputy Director","IT / Digital Systems"
"National Statistical Training Academy (NSSTA)","Curriculum Development","Deputy Director","Database Management"
"National Statistical Training Academy (NSSTA)","Curriculum Development","Deputy Director","AI / Machine Learning"
"National Statistical Training Academy (NSSTA)","Curriculum Development","Deputy Director","Cyber Security"
"National Statistical Training Academy (NSSTA)","Curriculum Development","Deputy Director","e-Governance"
"National Statistical Training Academy (NSSTA)","Curriculum Development","Deputy Director","Learning & Development"
"National Statistical Training Academy (NSSTA)","Curriculum Development","Senior Statistical Officer","Statistical Analysis"
"National Statistical Training Academy (NSSTA)","Curriculum Development","Senior Statistical Officer","Data Analysis"
"National Statistical Training Academy (NSSTA)","Curriculum Development","Senior Statistical Officer","Survey Operations"
"National Statistical Training Academy (NSSTA)","Curriculum Development","Senior Statistical Officer","Sampling"
"National Statistical Training Academy (NSSTA)","Curriculum Development","Senior Statistical Officer","Data Quality & Validation"
"National Statistical Training Academy (NSSTA)","Curriculum Development","Senior Statistical Officer","Research & Analysis"
"National Statistical Training Academy (NSSTA)","Curriculum Development","Senior Statistical Officer","Economic Statistics"
"National Statistical Training Academy (NSSTA)","Curriculum Development","Senior Statistical Officer","Social Statistics"
"National Statistical Training Academy (NSSTA)","Curriculum Development","Senior Statistical Officer","Demographic Statistics"
"National Statistical Training Academy (NSSTA)","Curriculum Development","Senior Statistical Officer","Statistical Computing"
"National Statistical Training Academy (NSSTA)","Curriculum Development","Senior Statistical Officer","Data Management"
"National Statistical Training Academy (NSSTA)","Curriculum Development","Senior Statistical Officer","Data Governance"
"National Statistical Training Academy (NSSTA)","Curriculum Development","Senior Statistical Officer","Policy Analysis"
"National Statistical Training Academy (NSSTA)","Curriculum Development","Senior Statistical Officer","Programme Management"
"National Statistical Training Academy (NSSTA)","Curriculum Development","Senior Statistical Officer","Monitoring & Evaluation"
"National Statistical Training Academy (NSSTA)","Curriculum Development","Senior Statistical Officer","Training & Capacity Building"
"National Statistical Training Academy (NSSTA)","Curriculum Development","Senior Statistical Officer","Administration"
"National Statistical Training Academy (NSSTA)","Curriculum Development","Senior Statistical Officer","Finance & Accounts"
"National Statistical Training Academy (NSSTA)","Curriculum Development","Senior Statistical Officer","IT / Digital Systems"
"National Statistical Training Academy (NSSTA)","Curriculum Development","Senior Statistical Officer","Database Management"
"National Statistical Training Academy (NSSTA)","Curriculum Development","Senior Statistical Officer","AI / Machine Learning"
"National Statistical Training Academy (NSSTA)","Curriculum Development","Senior Statistical Officer","Cyber Security"
"National Statistical Training Academy (NSSTA)","Curriculum Development","Senior Statistical Officer","e-Governance"
"National Statistical Training Academy (NSSTA)","Curriculum Development","Senior Statistical Officer","Learning & Development"
"National Statistical Training Academy (NSSTA)","Curriculum Development","Junior Statistical Officer","Statistical Analysis"
"National Statistical Training Academy (NSSTA)","Curriculum Development","Junior Statistical Officer","Data Analysis"
"National Statistical Training Academy (NSSTA)","Curriculum Development","Junior Statistical Officer","Survey Operations"
"National Statistical Training Academy (NSSTA)","Curriculum Development","Junior Statistical Officer","Sampling"
"National Statistical Training Academy (NSSTA)","Curriculum Development","Junior Statistical Officer","Data Quality & Validation"
"National Statistical Training Academy (NSSTA)","Curriculum Development","Junior Statistical Officer","Research & Analysis"
"National Statistical Training Academy (NSSTA)","Curriculum Development","Junior Statistical Officer","Economic Statistics"
"National Statistical Training Academy (NSSTA)","Curriculum Development","Junior Statistical Officer","Social Statistics"
"National Statistical Training Academy (NSSTA)","Curriculum Development","Junior Statistical Officer","Demographic Statistics"
"National Statistical Training Academy (NSSTA)","Curriculum Development","Junior Statistical Officer","Statistical Computing"
"National Statistical Training Academy (NSSTA)","Curriculum Development","Junior Statistical Officer","Data Management"
"National Statistical Training Academy (NSSTA)","Curriculum Development","Junior Statistical Officer","Data Governance"
"National Statistical Training Academy (NSSTA)","Curriculum Development","Junior Statistical Officer","Policy Analysis"
"National Statistical Training Academy (NSSTA)","Curriculum Development","Junior Statistical Officer","Programme Management"
"National Statistical Training Academy (NSSTA)","Curriculum Development","Junior Statistical Officer","Monitoring & Evaluation"
"National Statistical Training Academy (NSSTA)","Curriculum Development","Junior Statistical Officer","Training & Capacity Building"
"National Statistical Training Academy (NSSTA)","Curriculum Development","Junior Statistical Officer","Administration"
"National Statistical Training Academy (NSSTA)","Curriculum Development","Junior Statistical Officer","Finance & Accounts"
"National Statistical Training Academy (NSSTA)","Curriculum Development","Junior Statistical Officer","IT / Digital Systems"
"National Statistical Training Academy (NSSTA)","Curriculum Development","Junior Statistical Officer","Database Management"
"National Statistical Training Academy (NSSTA)","Curriculum Development","Junior Statistical Officer","AI / Machine Learning"
"National Statistical Training Academy (NSSTA)","Curriculum Development","Junior Statistical Officer","Cyber Security"
"National Statistical Training Academy (NSSTA)","Curriculum Development","Junior Statistical Officer","e-Governance"
"National Statistical Training Academy (NSSTA)","Curriculum Development","Junior Statistical Officer","Learning & Development"
"National Statistical Training Academy (NSSTA)","Curriculum Development","Other","Statistical Analysis"
"National Statistical Training Academy (NSSTA)","Curriculum Development","Other","Data Analysis"
"National Statistical Training Academy (NSSTA)","Curriculum Development","Other","Survey Operations"
"National Statistical Training Academy (NSSTA)","Curriculum Development","Other","Sampling"
"National Statistical Training Academy (NSSTA)","Curriculum Development","Other","Data Quality & Validation"
"National Statistical Training Academy (NSSTA)","Curriculum Development","Other","Research & Analysis"
"National Statistical Training Academy (NSSTA)","Curriculum Development","Other","Economic Statistics"
"National Statistical Training Academy (NSSTA)","Curriculum Development","Other","Social Statistics"
"National Statistical Training Academy (NSSTA)","Curriculum Development","Other","Demographic Statistics"
"National Statistical Training Academy (NSSTA)","Curriculum Development","Other","Statistical Computing"
"National Statistical Training Academy (NSSTA)","Curriculum Development","Other","Data Management"
"National Statistical Training Academy (NSSTA)","Curriculum Development","Other","Data Governance"
"National Statistical Training Academy (NSSTA)","Curriculum Development","Other","Policy Analysis"
"National Statistical Training Academy (NSSTA)","Curriculum Development","Other","Programme Management"
"National Statistical Training Academy (NSSTA)","Curriculum Development","Other","Monitoring & Evaluation"
"National Statistical Training Academy (NSSTA)","Curriculum Development","Other","Training & Capacity Building"
"National Statistical Training Academy (NSSTA)","Curriculum Development","Other","Administration"
"National Statistical Training Academy (NSSTA)","Curriculum Development","Other","Finance & Accounts"
"National Statistical Training Academy (NSSTA)","Curriculum Development","Other","IT / Digital Systems"
"National Statistical Training Academy (NSSTA)","Curriculum Development","Other","Database Management"
"National Statistical Training Academy (NSSTA)","Curriculum Development","Other","AI / Machine Learning"
"National Statistical Training Academy (NSSTA)","Curriculum Development","Other","Cyber Security"
"National Statistical Training Academy (NSSTA)","Curriculum Development","Other","e-Governance"
"National Statistical Training Academy (NSSTA)","Curriculum Development","Other","Learning & Development"
"State Directorate of Economics & Statistics","State Statistical Coordination","Director","Statistical Analysis"
"State Directorate of Economics & Statistics","State Statistical Coordination","Director","Data Analysis"
"State Directorate of Economics & Statistics","State Statistical Coordination","Director","Survey Operations"
"State Directorate of Economics & Statistics","State Statistical Coordination","Director","Sampling"
"State Directorate of Economics & Statistics","State Statistical Coordination","Director","Data Quality & Validation"
"State Directorate of Economics & Statistics","State Statistical Coordination","Director","Research & Analysis"
"State Directorate of Economics & Statistics","State Statistical Coordination","Director","Economic Statistics"
"State Directorate of Economics & Statistics","State Statistical Coordination","Director","Social Statistics"
"State Directorate of Economics & Statistics","State Statistical Coordination","Director","Demographic Statistics"
"State Directorate of Economics & Statistics","State Statistical Coordination","Director","Statistical Computing"
"State Directorate of Economics & Statistics","State Statistical Coordination","Director","Data Management"
"State Directorate of Economics & Statistics","State Statistical Coordination","Director","Data Governance"
"State Directorate of Economics & Statistics","State Statistical Coordination","Director","Policy Analysis"
"State Directorate of Economics & Statistics","State Statistical Coordination","Director","Programme Management"
"State Directorate of Economics & Statistics","State Statistical Coordination","Director","Monitoring & Evaluation"
"State Directorate of Economics & Statistics","State Statistical Coordination","Director","Training & Capacity Building"
"State Directorate of Economics & Statistics","State Statistical Coordination","Director","Administration"
"State Directorate of Economics & Statistics","State Statistical Coordination","Director","Finance & Accounts"
"State Directorate of Economics & Statistics","State Statistical Coordination","Director","IT / Digital Systems"
"State Directorate of Economics & Statistics","State Statistical Coordination","Director","Database Management"
"State Directorate of Economics & Statistics","State Statistical Coordination","Director","AI / Machine Learning"
"State Directorate of Economics & Statistics","State Statistical Coordination","Director","Cyber Security"
"State Directorate of Economics & Statistics","State Statistical Coordination","Director","e-Governance"
"State Directorate of Economics & Statistics","State Statistical Coordination","Director","Learning & Development"
"State Directorate of Economics & Statistics","State Statistical Coordination","Deputy Director","Statistical Analysis"
"State Directorate of Economics & Statistics","State Statistical Coordination","Deputy Director","Data Analysis"
"State Directorate of Economics & Statistics","State Statistical Coordination","Deputy Director","Survey Operations"
"State Directorate of Economics & Statistics","State Statistical Coordination","Deputy Director","Sampling"
"State Directorate of Economics & Statistics","State Statistical Coordination","Deputy Director","Data Quality & Validation"
"State Directorate of Economics & Statistics","State Statistical Coordination","Deputy Director","Research & Analysis"
"State Directorate of Economics & Statistics","State Statistical Coordination","Deputy Director","Economic Statistics"
"State Directorate of Economics & Statistics","State Statistical Coordination","Deputy Director","Social Statistics"
"State Directorate of Economics & Statistics","State Statistical Coordination","Deputy Director","Demographic Statistics"
"State Directorate of Economics & Statistics","State Statistical Coordination","Deputy Director","Statistical Computing"
"State Directorate of Economics & Statistics","State Statistical Coordination","Deputy Director","Data Management"
"State Directorate of Economics & Statistics","State Statistical Coordination","Deputy Director","Data Governance"
"State Directorate of Economics & Statistics","State Statistical Coordination","Deputy Director","Policy Analysis"
"State Directorate of Economics & Statistics","State Statistical Coordination","Deputy Director","Programme Management"
"State Directorate of Economics & Statistics","State Statistical Coordination","Deputy Director","Monitoring & Evaluation"
"State Directorate of Economics & Statistics","State Statistical Coordination","Deputy Director","Training & Capacity Building"
"State Directorate of Economics & Statistics","State Statistical Coordination","Deputy Director","Administration"
"State Directorate of Economics & Statistics","State Statistical Coordination","Deputy Director","Finance & Accounts"
"State Directorate of Economics & Statistics","State Statistical Coordination","Deputy Director","IT / Digital Systems"
"State Directorate of Economics & Statistics","State Statistical Coordination","Deputy Director","Database Management"
"State Directorate of Economics & Statistics","State Statistical Coordination","Deputy Director","AI / Machine Learning"
"State Directorate of Economics & Statistics","State Statistical Coordination","Deputy Director","Cyber Security"
"State Directorate of Economics & Statistics","State Statistical Coordination","Deputy Director","e-Governance"
"State Directorate of Economics & Statistics","State Statistical Coordination","Deputy Director","Learning & Development"
"State Directorate of Economics & Statistics","State Statistical Coordination","Senior Statistical Officer","Statistical Analysis"
"State Directorate of Economics & Statistics","State Statistical Coordination","Senior Statistical Officer","Data Analysis"
"State Directorate of Economics & Statistics","State Statistical Coordination","Senior Statistical Officer","Survey Operations"
"State Directorate of Economics & Statistics","State Statistical Coordination","Senior Statistical Officer","Sampling"
"State Directorate of Economics & Statistics","State Statistical Coordination","Senior Statistical Officer","Data Quality & Validation"
"State Directorate of Economics & Statistics","State Statistical Coordination","Senior Statistical Officer","Research & Analysis"
"State Directorate of Economics & Statistics","State Statistical Coordination","Senior Statistical Officer","Economic Statistics"
"State Directorate of Economics & Statistics","State Statistical Coordination","Senior Statistical Officer","Social Statistics"
"State Directorate of Economics & Statistics","State Statistical Coordination","Senior Statistical Officer","Demographic Statistics"
"State Directorate of Economics & Statistics","State Statistical Coordination","Senior Statistical Officer","Statistical Computing"
"State Directorate of Economics & Statistics","State Statistical Coordination","Senior Statistical Officer","Data Management"
"State Directorate of Economics & Statistics","State Statistical Coordination","Senior Statistical Officer","Data Governance"
"State Directorate of Economics & Statistics","State Statistical Coordination","Senior Statistical Officer","Policy Analysis"
"State Directorate of Economics & Statistics","State Statistical Coordination","Senior Statistical Officer","Programme Management"
"State Directorate of Economics & Statistics","State Statistical Coordination","Senior Statistical Officer","Monitoring & Evaluation"
"State Directorate of Economics & Statistics","State Statistical Coordination","Senior Statistical Officer","Training & Capacity Building"
"State Directorate of Economics & Statistics","State Statistical Coordination","Senior Statistical Officer","Administration"
"State Directorate of Economics & Statistics","State Statistical Coordination","Senior Statistical Officer","Finance & Accounts"
"State Directorate of Economics & Statistics","State Statistical Coordination","Senior Statistical Officer","IT / Digital Systems"
"State Directorate of Economics & Statistics","State Statistical Coordination","Senior Statistical Officer","Database Management"
"State Directorate of Economics & Statistics","State Statistical Coordination","Senior Statistical Officer","AI / Machine Learning"
"State Directorate of Economics & Statistics","State Statistical Coordination","Senior Statistical Officer","Cyber Security"
"State Directorate of Economics & Statistics","State Statistical Coordination","Senior Statistical Officer","e-Governance"
"State Directorate of Economics & Statistics","State Statistical Coordination","Senior Statistical Officer","Learning & Development"
"State Directorate of Economics & Statistics","State Statistical Coordination","Junior Statistical Officer","Statistical Analysis"
"State Directorate of Economics & Statistics","State Statistical Coordination","Junior Statistical Officer","Data Analysis"
"State Directorate of Economics & Statistics","State Statistical Coordination","Junior Statistical Officer","Survey Operations"
"State Directorate of Economics & Statistics","State Statistical Coordination","Junior Statistical Officer","Sampling"
"State Directorate of Economics & Statistics","State Statistical Coordination","Junior Statistical Officer","Data Quality & Validation"
"State Directorate of Economics & Statistics","State Statistical Coordination","Junior Statistical Officer","Research & Analysis"
"State Directorate of Economics & Statistics","State Statistical Coordination","Junior Statistical Officer","Economic Statistics"
"State Directorate of Economics & Statistics","State Statistical Coordination","Junior Statistical Officer","Social Statistics"
"State Directorate of Economics & Statistics","State Statistical Coordination","Junior Statistical Officer","Demographic Statistics"
"State Directorate of Economics & Statistics","State Statistical Coordination","Junior Statistical Officer","Statistical Computing"
"State Directorate of Economics & Statistics","State Statistical Coordination","Junior Statistical Officer","Data Management"
"State Directorate of Economics & Statistics","State Statistical Coordination","Junior Statistical Officer","Data Governance"
"State Directorate of Economics & Statistics","State Statistical Coordination","Junior Statistical Officer","Policy Analysis"
"State Directorate of Economics & Statistics","State Statistical Coordination","Junior Statistical Officer","Programme Management"
"State Directorate of Economics & Statistics","State Statistical Coordination","Junior Statistical Officer","Monitoring & Evaluation"
"State Directorate of Economics & Statistics","State Statistical Coordination","Junior Statistical Officer","Training & Capacity Building"
"State Directorate of Economics & Statistics","State Statistical Coordination","Junior Statistical Officer","Administration"
"State Directorate of Economics & Statistics","State Statistical Coordination","Junior Statistical Officer","Finance & Accounts"
"State Directorate of Economics & Statistics","State Statistical Coordination","Junior Statistical Officer","IT / Digital Systems"
"State Directorate of Economics & Statistics","State Statistical Coordination","Junior Statistical Officer","Database Management"
"State Directorate of Economics & Statistics","State Statistical Coordination","Junior Statistical Officer","AI / Machine Learning"
"State Directorate of Economics & Statistics","State Statistical Coordination","Junior Statistical Officer","Cyber Security"
"State Directorate of Economics & Statistics","State Statistical Coordination","Junior Statistical Officer","e-Governance"
"State Directorate of Economics & Statistics","State Statistical Coordination","Junior Statistical Officer","Learning & Development"
"State Directorate of Economics & Statistics","State Statistical Coordination","Other","Statistical Analysis"
"State Directorate of Economics & Statistics","State Statistical Coordination","Other","Data Analysis"
"State Directorate of Economics & Statistics","State Statistical Coordination","Other","Survey Operations"
"State Directorate of Economics & Statistics","State Statistical Coordination","Other","Sampling"
"State Directorate of Economics & Statistics","State Statistical Coordination","Other","Data Quality & Validation"
"State Directorate of Economics & Statistics","State Statistical Coordination","Other","Research & Analysis"
"State Directorate of Economics & Statistics","State Statistical Coordination","Other","Economic Statistics"
"State Directorate of Economics & Statistics","State Statistical Coordination","Other","Social Statistics"
"State Directorate of Economics & Statistics","State Statistical Coordination","Other","Demographic Statistics"
"State Directorate of Economics & Statistics","State Statistical Coordination","Other","Statistical Computing"
"State Directorate of Economics & Statistics","State Statistical Coordination","Other","Data Management"
"State Directorate of Economics & Statistics","State Statistical Coordination","Other","Data Governance"
"State Directorate of Economics & Statistics","State Statistical Coordination","Other","Policy Analysis"
"State Directorate of Economics & Statistics","State Statistical Coordination","Other","Programme Management"
"State Directorate of Economics & Statistics","State Statistical Coordination","Other","Monitoring & Evaluation"
"State Directorate of Economics & Statistics","State Statistical Coordination","Other","Training & Capacity Building"
"State Directorate of Economics & Statistics","State Statistical Coordination","Other","Administration"
"State Directorate of Economics & Statistics","State Statistical Coordination","Other","Finance & Accounts"
"State Directorate of Economics & Statistics","State Statistical Coordination","Other","IT / Digital Systems"
"State Directorate of Economics & Statistics","State Statistical Coordination","Other","Database Management"
"State Directorate of Economics & Statistics","State Statistical Coordination","Other","AI / Machine Learning"
"State Directorate of Economics & Statistics","State Statistical Coordination","Other","Cyber Security"
"State Directorate of Economics & Statistics","State Statistical Coordination","Other","e-Governance"
"State Directorate of Economics & Statistics","State Statistical Coordination","Other","Learning & Development"
"State Directorate of Economics & Statistics","Economic Census","Director","Statistical Analysis"
"State Directorate of Economics & Statistics","Economic Census","Director","Data Analysis"
"State Directorate of Economics & Statistics","Economic Census","Director","Survey Operations"
"State Directorate of Economics & Statistics","Economic Census","Director","Sampling"
"State Directorate of Economics & Statistics","Economic Census","Director","Data Quality & Validation"
"State Directorate of Economics & Statistics","Economic Census","Director","Research & Analysis"
"State Directorate of Economics & Statistics","Economic Census","Director","Economic Statistics"
"State Directorate of Economics & Statistics","Economic Census","Director","Social Statistics"
"State Directorate of Economics & Statistics","Economic Census","Director","Demographic Statistics"
"State Directorate of Economics & Statistics","Economic Census","Director","Statistical Computing"
"State Directorate of Economics & Statistics","Economic Census","Director","Data Management"
"State Directorate of Economics & Statistics","Economic Census","Director","Data Governance"
"State Directorate of Economics & Statistics","Economic Census","Director","Policy Analysis"
"State Directorate of Economics & Statistics","Economic Census","Director","Programme Management"
"State Directorate of Economics & Statistics","Economic Census","Director","Monitoring & Evaluation"
"State Directorate of Economics & Statistics","Economic Census","Director","Training & Capacity Building"
"State Directorate of Economics & Statistics","Economic Census","Director","Administration"
"State Directorate of Economics & Statistics","Economic Census","Director","Finance & Accounts"
"State Directorate of Economics & Statistics","Economic Census","Director","IT / Digital Systems"
"State Directorate of Economics & Statistics","Economic Census","Director","Database Management"
"State Directorate of Economics & Statistics","Economic Census","Director","AI / Machine Learning"
"State Directorate of Economics & Statistics","Economic Census","Director","Cyber Security"
"State Directorate of Economics & Statistics","Economic Census","Director","e-Governance"
"State Directorate of Economics & Statistics","Economic Census","Director","Learning & Development"
"State Directorate of Economics & Statistics","Economic Census","Deputy Director","Statistical Analysis"
"State Directorate of Economics & Statistics","Economic Census","Deputy Director","Data Analysis"
"State Directorate of Economics & Statistics","Economic Census","Deputy Director","Survey Operations"
"State Directorate of Economics & Statistics","Economic Census","Deputy Director","Sampling"
"State Directorate of Economics & Statistics","Economic Census","Deputy Director","Data Quality & Validation"
"State Directorate of Economics & Statistics","Economic Census","Deputy Director","Research & Analysis"
"State Directorate of Economics & Statistics","Economic Census","Deputy Director","Economic Statistics"
"State Directorate of Economics & Statistics","Economic Census","Deputy Director","Social Statistics"
"State Directorate of Economics & Statistics","Economic Census","Deputy Director","Demographic Statistics"
"State Directorate of Economics & Statistics","Economic Census","Deputy Director","Statistical Computing"
"State Directorate of Economics & Statistics","Economic Census","Deputy Director","Data Management"
"State Directorate of Economics & Statistics","Economic Census","Deputy Director","Data Governance"
"State Directorate of Economics & Statistics","Economic Census","Deputy Director","Policy Analysis"
"State Directorate of Economics & Statistics","Economic Census","Deputy Director","Programme Management"
"State Directorate of Economics & Statistics","Economic Census","Deputy Director","Monitoring & Evaluation"
"State Directorate of Economics & Statistics","Economic Census","Deputy Director","Training & Capacity Building"
"State Directorate of Economics & Statistics","Economic Census","Deputy Director","Administration"
"State Directorate of Economics & Statistics","Economic Census","Deputy Director","Finance & Accounts"
"State Directorate of Economics & Statistics","Economic Census","Deputy Director","IT / Digital Systems"
"State Directorate of Economics & Statistics","Economic Census","Deputy Director","Database Management"
"State Directorate of Economics & Statistics","Economic Census","Deputy Director","AI / Machine Learning"
"State Directorate of Economics & Statistics","Economic Census","Deputy Director","Cyber Security"
"State Directorate of Economics & Statistics","Economic Census","Deputy Director","e-Governance"
"State Directorate of Economics & Statistics","Economic Census","Deputy Director","Learning & Development"
"State Directorate of Economics & Statistics","Economic Census","Senior Statistical Officer","Statistical Analysis"
"State Directorate of Economics & Statistics","Economic Census","Senior Statistical Officer","Data Analysis"
"State Directorate of Economics & Statistics","Economic Census","Senior Statistical Officer","Survey Operations"
"State Directorate of Economics & Statistics","Economic Census","Senior Statistical Officer","Sampling"
"State Directorate of Economics & Statistics","Economic Census","Senior Statistical Officer","Data Quality & Validation"
"State Directorate of Economics & Statistics","Economic Census","Senior Statistical Officer","Research & Analysis"
"State Directorate of Economics & Statistics","Economic Census","Senior Statistical Officer","Economic Statistics"
"State Directorate of Economics & Statistics","Economic Census","Senior Statistical Officer","Social Statistics"
"State Directorate of Economics & Statistics","Economic Census","Senior Statistical Officer","Demographic Statistics"
"State Directorate of Economics & Statistics","Economic Census","Senior Statistical Officer","Statistical Computing"
"State Directorate of Economics & Statistics","Economic Census","Senior Statistical Officer","Data Management"
"State Directorate of Economics & Statistics","Economic Census","Senior Statistical Officer","Data Governance"
"State Directorate of Economics & Statistics","Economic Census","Senior Statistical Officer","Policy Analysis"
"State Directorate of Economics & Statistics","Economic Census","Senior Statistical Officer","Programme Management"
"State Directorate of Economics & Statistics","Economic Census","Senior Statistical Officer","Monitoring & Evaluation"
"State Directorate of Economics & Statistics","Economic Census","Senior Statistical Officer","Training & Capacity Building"
"State Directorate of Economics & Statistics","Economic Census","Senior Statistical Officer","Administration"
"State Directorate of Economics & Statistics","Economic Census","Senior Statistical Officer","Finance & Accounts"
"State Directorate of Economics & Statistics","Economic Census","Senior Statistical Officer","IT / Digital Systems"
"State Directorate of Economics & Statistics","Economic Census","Senior Statistical Officer","Database Management"
"State Directorate of Economics & Statistics","Economic Census","Senior Statistical Officer","AI / Machine Learning"
"State Directorate of Economics & Statistics","Economic Census","Senior Statistical Officer","Cyber Security"
"State Directorate of Economics & Statistics","Economic Census","Senior Statistical Officer","e-Governance"
"State Directorate of Economics & Statistics","Economic Census","Senior Statistical Officer","Learning & Development"
"State Directorate of Economics & Statistics","Economic Census","Junior Statistical Officer","Statistical Analysis"
"State Directorate of Economics & Statistics","Economic Census","Junior Statistical Officer","Data Analysis"
"State Directorate of Economics & Statistics","Economic Census","Junior Statistical Officer","Survey Operations"
"State Directorate of Economics & Statistics","Economic Census","Junior Statistical Officer","Sampling"
"State Directorate of Economics & Statistics","Economic Census","Junior Statistical Officer","Data Quality & Validation"
"State Directorate of Economics & Statistics","Economic Census","Junior Statistical Officer","Research & Analysis"
"State Directorate of Economics & Statistics","Economic Census","Junior Statistical Officer","Economic Statistics"
"State Directorate of Economics & Statistics","Economic Census","Junior Statistical Officer","Social Statistics"
"State Directorate of Economics & Statistics","Economic Census","Junior Statistical Officer","Demographic Statistics"
"State Directorate of Economics & Statistics","Economic Census","Junior Statistical Officer","Statistical Computing"
"State Directorate of Economics & Statistics","Economic Census","Junior Statistical Officer","Data Management"
"State Directorate of Economics & Statistics","Economic Census","Junior Statistical Officer","Data Governance"
"State Directorate of Economics & Statistics","Economic Census","Junior Statistical Officer","Policy Analysis"
"State Directorate of Economics & Statistics","Economic Census","Junior Statistical Officer","Programme Management"
"State Directorate of Economics & Statistics","Economic Census","Junior Statistical Officer","Monitoring & Evaluation"
"State Directorate of Economics & Statistics","Economic Census","Junior Statistical Officer","Training & Capacity Building"
"State Directorate of Economics & Statistics","Economic Census","Junior Statistical Officer","Administration"
"State Directorate of Economics & Statistics","Economic Census","Junior Statistical Officer","Finance & Accounts"
"State Directorate of Economics & Statistics","Economic Census","Junior Statistical Officer","IT / Digital Systems"
"State Directorate of Economics & Statistics","Economic Census","Junior Statistical Officer","Database Management"
"State Directorate of Economics & Statistics","Economic Census","Junior Statistical Officer","AI / Machine Learning"
"State Directorate of Economics & Statistics","Economic Census","Junior Statistical Officer","Cyber Security"
"State Directorate of Economics & Statistics","Economic Census","Junior Statistical Officer","e-Governance"
"State Directorate of Economics & Statistics","Economic Census","Junior Statistical Officer","Learning & Development"
"State Directorate of Economics & Statistics","Economic Census","Other","Statistical Analysis"
"State Directorate of Economics & Statistics","Economic Census","Other","Data Analysis"
"State Directorate of Economics & Statistics","Economic Census","Other","Survey Operations"
"State Directorate of Economics & Statistics","Economic Census","Other","Sampling"
"State Directorate of Economics & Statistics","Economic Census","Other","Data Quality & Validation"
"State Directorate of Economics & Statistics","Economic Census","Other","Research & Analysis"
"State Directorate of Economics & Statistics","Economic Census","Other","Economic Statistics"
"State Directorate of Economics & Statistics","Economic Census","Other","Social Statistics"
"State Directorate of Economics & Statistics","Economic Census","Other","Demographic Statistics"
"State Directorate of Economics & Statistics","Economic Census","Other","Statistical Computing"
"State Directorate of Economics & Statistics","Economic Census","Other","Data Management"
"State Directorate of Economics & Statistics","Economic Census","Other","Data Governance"
"State Directorate of Economics & Statistics","Economic Census","Other","Policy Analysis"
"State Directorate of Economics & Statistics","Economic Census","Other","Programme Management"
"State Directorate of Economics & Statistics","Economic Census","Other","Monitoring & Evaluation"
"State Directorate of Economics & Statistics","Economic Census","Other","Training & Capacity Building"
"State Directorate of Economics & Statistics","Economic Census","Other","Administration"
"State Directorate of Economics & Statistics","Economic Census","Other","Finance & Accounts"
"State Directorate of Economics & Statistics","Economic Census","Other","IT / Digital Systems"
"State Directorate of Economics & Statistics","Economic Census","Other","Database Management"
"State Directorate of Economics & Statistics","Economic Census","Other","AI / Machine Learning"
"State Directorate of Economics & Statistics","Economic Census","Other","Cyber Security"
"State Directorate of Economics & Statistics","Economic Census","Other","e-Governance"
"State Directorate of Economics & Statistics","Economic Census","Other","Learning & Development"
"Ministry of Agriculture & Farmers Welfare","Agricultural Statistics","Director","Statistical Analysis"
"Ministry of Agriculture & Farmers Welfare","Agricultural Statistics","Director","Data Analysis"
"Ministry of Agriculture & Farmers Welfare","Agricultural Statistics","Director","Survey Operations"
"Ministry of Agriculture & Farmers Welfare","Agricultural Statistics","Director","Sampling"
"Ministry of Agriculture & Farmers Welfare","Agricultural Statistics","Director","Data Quality & Validation"
"Ministry of Agriculture & Farmers Welfare","Agricultural Statistics","Director","Research & Analysis"
"Ministry of Agriculture & Farmers Welfare","Agricultural Statistics","Director","Economic Statistics"
"Ministry of Agriculture & Farmers Welfare","Agricultural Statistics","Director","Social Statistics"
"Ministry of Agriculture & Farmers Welfare","Agricultural Statistics","Director","Demographic Statistics"
"Ministry of Agriculture & Farmers Welfare","Agricultural Statistics","Director","Statistical Computing"
"Ministry of Agriculture & Farmers Welfare","Agricultural Statistics","Director","Data Management"
"Ministry of Agriculture & Farmers Welfare","Agricultural Statistics","Director","Data Governance"
"Ministry of Agriculture & Farmers Welfare","Agricultural Statistics","Director","Policy Analysis"
"Ministry of Agriculture & Farmers Welfare","Agricultural Statistics","Director","Programme Management"
"Ministry of Agriculture & Farmers Welfare","Agricultural Statistics","Director","Monitoring & Evaluation"
"Ministry of Agriculture & Farmers Welfare","Agricultural Statistics","Director","Training & Capacity Building"
"Ministry of Agriculture & Farmers Welfare","Agricultural Statistics","Director","Administration"
"Ministry of Agriculture & Farmers Welfare","Agricultural Statistics","Director","Finance & Accounts"
"Ministry of Agriculture & Farmers Welfare","Agricultural Statistics","Director","IT / Digital Systems"
"Ministry of Agriculture & Farmers Welfare","Agricultural Statistics","Director","Database Management"
"Ministry of Agriculture & Farmers Welfare","Agricultural Statistics","Director","AI / Machine Learning"
"Ministry of Agriculture & Farmers Welfare","Agricultural Statistics","Director","Cyber Security"
"Ministry of Agriculture & Farmers Welfare","Agricultural Statistics","Director","e-Governance"
"Ministry of Agriculture & Farmers Welfare","Agricultural Statistics","Director","Learning & Development"
"Ministry of Agriculture & Farmers Welfare","Agricultural Statistics","Deputy Director","Statistical Analysis"
"Ministry of Agriculture & Farmers Welfare","Agricultural Statistics","Deputy Director","Data Analysis"
"Ministry of Agriculture & Farmers Welfare","Agricultural Statistics","Deputy Director","Survey Operations"
"Ministry of Agriculture & Farmers Welfare","Agricultural Statistics","Deputy Director","Sampling"
"Ministry of Agriculture & Farmers Welfare","Agricultural Statistics","Deputy Director","Data Quality & Validation"
"Ministry of Agriculture & Farmers Welfare","Agricultural Statistics","Deputy Director","Research & Analysis"
"Ministry of Agriculture & Farmers Welfare","Agricultural Statistics","Deputy Director","Economic Statistics"
"Ministry of Agriculture & Farmers Welfare","Agricultural Statistics","Deputy Director","Social Statistics"
"Ministry of Agriculture & Farmers Welfare","Agricultural Statistics","Deputy Director","Demographic Statistics"
"Ministry of Agriculture & Farmers Welfare","Agricultural Statistics","Deputy Director","Statistical Computing"
"Ministry of Agriculture & Farmers Welfare","Agricultural Statistics","Deputy Director","Data Management"
"Ministry of Agriculture & Farmers Welfare","Agricultural Statistics","Deputy Director","Data Governance"
"Ministry of Agriculture & Farmers Welfare","Agricultural Statistics","Deputy Director","Policy Analysis"
"Ministry of Agriculture & Farmers Welfare","Agricultural Statistics","Deputy Director","Programme Management"
"Ministry of Agriculture & Farmers Welfare","Agricultural Statistics","Deputy Director","Monitoring & Evaluation"
"Ministry of Agriculture & Farmers Welfare","Agricultural Statistics","Deputy Director","Training & Capacity Building"
"Ministry of Agriculture & Farmers Welfare","Agricultural Statistics","Deputy Director","Administration"
"Ministry of Agriculture & Farmers Welfare","Agricultural Statistics","Deputy Director","Finance & Accounts"
"Ministry of Agriculture & Farmers Welfare","Agricultural Statistics","Deputy Director","IT / Digital Systems"
"Ministry of Agriculture & Farmers Welfare","Agricultural Statistics","Deputy Director","Database Management"
"Ministry of Agriculture & Farmers Welfare","Agricultural Statistics","Deputy Director","AI / Machine Learning"
"Ministry of Agriculture & Farmers Welfare","Agricultural Statistics","Deputy Director","Cyber Security"
"Ministry of Agriculture & Farmers Welfare","Agricultural Statistics","Deputy Director","e-Governance"
"Ministry of Agriculture & Farmers Welfare","Agricultural Statistics","Deputy Director","Learning & Development"
"Ministry of Agriculture & Farmers Welfare","Agricultural Statistics","Senior Statistical Officer","Statistical Analysis"
"Ministry of Agriculture & Farmers Welfare","Agricultural Statistics","Senior Statistical Officer","Data Analysis"
"Ministry of Agriculture & Farmers Welfare","Agricultural Statistics","Senior Statistical Officer","Survey Operations"
"Ministry of Agriculture & Farmers Welfare","Agricultural Statistics","Senior Statistical Officer","Sampling"
"Ministry of Agriculture & Farmers Welfare","Agricultural Statistics","Senior Statistical Officer","Data Quality & Validation"
"Ministry of Agriculture & Farmers Welfare","Agricultural Statistics","Senior Statistical Officer","Research & Analysis"
"Ministry of Agriculture & Farmers Welfare","Agricultural Statistics","Senior Statistical Officer","Economic Statistics"
"Ministry of Agriculture & Farmers Welfare","Agricultural Statistics","Senior Statistical Officer","Social Statistics"
"Ministry of Agriculture & Farmers Welfare","Agricultural Statistics","Senior Statistical Officer","Demographic Statistics"
"Ministry of Agriculture & Farmers Welfare","Agricultural Statistics","Senior Statistical Officer","Statistical Computing"
"Ministry of Agriculture & Farmers Welfare","Agricultural Statistics","Senior Statistical Officer","Data Management"
"Ministry of Agriculture & Farmers Welfare","Agricultural Statistics","Senior Statistical Officer","Data Governance"
"Ministry of Agriculture & Farmers Welfare","Agricultural Statistics","Senior Statistical Officer","Policy Analysis"
"Ministry of Agriculture & Farmers Welfare","Agricultural Statistics","Senior Statistical Officer","Programme Management"
"Ministry of Agriculture & Farmers Welfare","Agricultural Statistics","Senior Statistical Officer","Monitoring & Evaluation"
"Ministry of Agriculture & Farmers Welfare","Agricultural Statistics","Senior Statistical Officer","Training & Capacity Building"
"Ministry of Agriculture & Farmers Welfare","Agricultural Statistics","Senior Statistical Officer","Administration"
"Ministry of Agriculture & Farmers Welfare","Agricultural Statistics","Senior Statistical Officer","Finance & Accounts"
"Ministry of Agriculture & Farmers Welfare","Agricultural Statistics","Senior Statistical Officer","IT / Digital Systems"
"Ministry of Agriculture & Farmers Welfare","Agricultural Statistics","Senior Statistical Officer","Database Management"
"Ministry of Agriculture & Farmers Welfare","Agricultural Statistics","Senior Statistical Officer","AI / Machine Learning"
"Ministry of Agriculture & Farmers Welfare","Agricultural Statistics","Senior Statistical Officer","Cyber Security"
"Ministry of Agriculture & Farmers Welfare","Agricultural Statistics","Senior Statistical Officer","e-Governance"
"Ministry of Agriculture & Farmers Welfare","Agricultural Statistics","Senior Statistical Officer","Learning & Development"
"Ministry of Agriculture & Farmers Welfare","Agricultural Statistics","Junior Statistical Officer","Statistical Analysis"
"Ministry of Agriculture & Farmers Welfare","Agricultural Statistics","Junior Statistical Officer","Data Analysis"
"Ministry of Agriculture & Farmers Welfare","Agricultural Statistics","Junior Statistical Officer","Survey Operations"
"Ministry of Agriculture & Farmers Welfare","Agricultural Statistics","Junior Statistical Officer","Sampling"
"Ministry of Agriculture & Farmers Welfare","Agricultural Statistics","Junior Statistical Officer","Data Quality & Validation"
"Ministry of Agriculture & Farmers Welfare","Agricultural Statistics","Junior Statistical Officer","Research & Analysis"
"Ministry of Agriculture & Farmers Welfare","Agricultural Statistics","Junior Statistical Officer","Economic Statistics"
"Ministry of Agriculture & Farmers Welfare","Agricultural Statistics","Junior Statistical Officer","Social Statistics"
"Ministry of Agriculture & Farmers Welfare","Agricultural Statistics","Junior Statistical Officer","Demographic Statistics"
"Ministry of Agriculture & Farmers Welfare","Agricultural Statistics","Junior Statistical Officer","Statistical Computing"
"Ministry of Agriculture & Farmers Welfare","Agricultural Statistics","Junior Statistical Officer","Data Management"
"Ministry of Agriculture & Farmers Welfare","Agricultural Statistics","Junior Statistical Officer","Data Governance"
"Ministry of Agriculture & Farmers Welfare","Agricultural Statistics","Junior Statistical Officer","Policy Analysis"
"Ministry of Agriculture & Farmers Welfare","Agricultural Statistics","Junior Statistical Officer","Programme Management"
"Ministry of Agriculture & Farmers Welfare","Agricultural Statistics","Junior Statistical Officer","Monitoring & Evaluation"
"Ministry of Agriculture & Farmers Welfare","Agricultural Statistics","Junior Statistical Officer","Training & Capacity Building"
"Ministry of Agriculture & Farmers Welfare","Agricultural Statistics","Junior Statistical Officer","Administration"
"Ministry of Agriculture & Farmers Welfare","Agricultural Statistics","Junior Statistical Officer","Finance & Accounts"
"Ministry of Agriculture & Farmers Welfare","Agricultural Statistics","Junior Statistical Officer","IT / Digital Systems"
"Ministry of Agriculture & Farmers Welfare","Agricultural Statistics","Junior Statistical Officer","Database Management"
"Ministry of Agriculture & Farmers Welfare","Agricultural Statistics","Junior Statistical Officer","AI / Machine Learning"
"Ministry of Agriculture & Farmers Welfare","Agricultural Statistics","Junior Statistical Officer","Cyber Security"
"Ministry of Agriculture & Farmers Welfare","Agricultural Statistics","Junior Statistical Officer","e-Governance"
"Ministry of Agriculture & Farmers Welfare","Agricultural Statistics","Junior Statistical Officer","Learning & Development"
"Ministry of Agriculture & Farmers Welfare","Agricultural Statistics","Other","Statistical Analysis"
"Ministry of Agriculture & Farmers Welfare","Agricultural Statistics","Other","Data Analysis"
"Ministry of Agriculture & Farmers Welfare","Agricultural Statistics","Other","Survey Operations"
"Ministry of Agriculture & Farmers Welfare","Agricultural Statistics","Other","Sampling"
"Ministry of Agriculture & Farmers Welfare","Agricultural Statistics","Other","Data Quality & Validation"
"Ministry of Agriculture & Farmers Welfare","Agricultural Statistics","Other","Research & Analysis"
"Ministry of Agriculture & Farmers Welfare","Agricultural Statistics","Other","Economic Statistics"
"Ministry of Agriculture & Farmers Welfare","Agricultural Statistics","Other","Social Statistics"
"Ministry of Agriculture & Farmers Welfare","Agricultural Statistics","Other","Demographic Statistics"
"Ministry of Agriculture & Farmers Welfare","Agricultural Statistics","Other","Statistical Computing"
"Ministry of Agriculture & Farmers Welfare","Agricultural Statistics","Other","Data Management"
"Ministry of Agriculture & Farmers Welfare","Agricultural Statistics","Other","Data Governance"
"Ministry of Agriculture & Farmers Welfare","Agricultural Statistics","Other","Policy Analysis"
"Ministry of Agriculture & Farmers Welfare","Agricultural Statistics","Other","Programme Management"
"Ministry of Agriculture & Farmers Welfare","Agricultural Statistics","Other","Monitoring & Evaluation"
"Ministry of Agriculture & Farmers Welfare","Agricultural Statistics","Other","Training & Capacity Building"
"Ministry of Agriculture & Farmers Welfare","Agricultural Statistics","Other","Administration"
"Ministry of Agriculture & Farmers Welfare","Agricultural Statistics","Other","Finance & Accounts"
"Ministry of Agriculture & Farmers Welfare","Agricultural Statistics","Other","IT / Digital Systems"
"Ministry of Agriculture & Farmers Welfare","Agricultural Statistics","Other","Database Management"
"Ministry of Agriculture & Farmers Welfare","Agricultural Statistics","Other","AI / Machine Learning"
"Ministry of Agriculture & Farmers Welfare","Agricultural Statistics","Other","Cyber Security"
"Ministry of Agriculture & Farmers Welfare","Agricultural Statistics","Other","e-Governance"
"Ministry of Agriculture & Farmers Welfare","Agricultural Statistics","Other","Learning & Development"
"Ministry of Health & Family Welfare","Health Intelligence","Director","Statistical Analysis"
"Ministry of Health & Family Welfare","Health Intelligence","Director","Data Analysis"
"Ministry of Health & Family Welfare","Health Intelligence","Director","Survey Operations"
"Ministry of Health & Family Welfare","Health Intelligence","Director","Sampling"
"Ministry of Health & Family Welfare","Health Intelligence","Director","Data Quality & Validation"
"Ministry of Health & Family Welfare","Health Intelligence","Director","Research & Analysis"
"Ministry of Health & Family Welfare","Health Intelligence","Director","Economic Statistics"
"Ministry of Health & Family Welfare","Health Intelligence","Director","Social Statistics"
"Ministry of Health & Family Welfare","Health Intelligence","Director","Demographic Statistics"
"Ministry of Health & Family Welfare","Health Intelligence","Director","Statistical Computing"
"Ministry of Health & Family Welfare","Health Intelligence","Director","Data Management"
"Ministry of Health & Family Welfare","Health Intelligence","Director","Data Governance"
"Ministry of Health & Family Welfare","Health Intelligence","Director","Policy Analysis"
"Ministry of Health & Family Welfare","Health Intelligence","Director","Programme Management"
"Ministry of Health & Family Welfare","Health Intelligence","Director","Monitoring & Evaluation"
"Ministry of Health & Family Welfare","Health Intelligence","Director","Training & Capacity Building"
"Ministry of Health & Family Welfare","Health Intelligence","Director","Administration"
"Ministry of Health & Family Welfare","Health Intelligence","Director","Finance & Accounts"
"Ministry of Health & Family Welfare","Health Intelligence","Director","IT / Digital Systems"
"Ministry of Health & Family Welfare","Health Intelligence","Director","Database Management"
"Ministry of Health & Family Welfare","Health Intelligence","Director","AI / Machine Learning"
"Ministry of Health & Family Welfare","Health Intelligence","Director","Cyber Security"
"Ministry of Health & Family Welfare","Health Intelligence","Director","e-Governance"
"Ministry of Health & Family Welfare","Health Intelligence","Director","Learning & Development"
"Ministry of Health & Family Welfare","Health Intelligence","Deputy Director","Statistical Analysis"
"Ministry of Health & Family Welfare","Health Intelligence","Deputy Director","Data Analysis"
"Ministry of Health & Family Welfare","Health Intelligence","Deputy Director","Survey Operations"
"Ministry of Health & Family Welfare","Health Intelligence","Deputy Director","Sampling"
"Ministry of Health & Family Welfare","Health Intelligence","Deputy Director","Data Quality & Validation"
"Ministry of Health & Family Welfare","Health Intelligence","Deputy Director","Research & Analysis"
"Ministry of Health & Family Welfare","Health Intelligence","Deputy Director","Economic Statistics"
"Ministry of Health & Family Welfare","Health Intelligence","Deputy Director","Social Statistics"
"Ministry of Health & Family Welfare","Health Intelligence","Deputy Director","Demographic Statistics"
"Ministry of Health & Family Welfare","Health Intelligence","Deputy Director","Statistical Computing"
"Ministry of Health & Family Welfare","Health Intelligence","Deputy Director","Data Management"
"Ministry of Health & Family Welfare","Health Intelligence","Deputy Director","Data Governance"
"Ministry of Health & Family Welfare","Health Intelligence","Deputy Director","Policy Analysis"
"Ministry of Health & Family Welfare","Health Intelligence","Deputy Director","Programme Management"
"Ministry of Health & Family Welfare","Health Intelligence","Deputy Director","Monitoring & Evaluation"
"Ministry of Health & Family Welfare","Health Intelligence","Deputy Director","Training & Capacity Building"
"Ministry of Health & Family Welfare","Health Intelligence","Deputy Director","Administration"
"Ministry of Health & Family Welfare","Health Intelligence","Deputy Director","Finance & Accounts"
"Ministry of Health & Family Welfare","Health Intelligence","Deputy Director","IT / Digital Systems"
"Ministry of Health & Family Welfare","Health Intelligence","Deputy Director","Database Management"
"Ministry of Health & Family Welfare","Health Intelligence","Deputy Director","AI / Machine Learning"
"Ministry of Health & Family Welfare","Health Intelligence","Deputy Director","Cyber Security"
"Ministry of Health & Family Welfare","Health Intelligence","Deputy Director","e-Governance"
"Ministry of Health & Family Welfare","Health Intelligence","Deputy Director","Learning & Development"
"Ministry of Health & Family Welfare","Health Intelligence","Senior Statistical Officer","Statistical Analysis"
"Ministry of Health & Family Welfare","Health Intelligence","Senior Statistical Officer","Data Analysis"
"Ministry of Health & Family Welfare","Health Intelligence","Senior Statistical Officer","Survey Operations"
"Ministry of Health & Family Welfare","Health Intelligence","Senior Statistical Officer","Sampling"
"Ministry of Health & Family Welfare","Health Intelligence","Senior Statistical Officer","Data Quality & Validation"
"Ministry of Health & Family Welfare","Health Intelligence","Senior Statistical Officer","Research & Analysis"
"Ministry of Health & Family Welfare","Health Intelligence","Senior Statistical Officer","Economic Statistics"
"Ministry of Health & Family Welfare","Health Intelligence","Senior Statistical Officer","Social Statistics"
"Ministry of Health & Family Welfare","Health Intelligence","Senior Statistical Officer","Demographic Statistics"
"Ministry of Health & Family Welfare","Health Intelligence","Senior Statistical Officer","Statistical Computing"
"Ministry of Health & Family Welfare","Health Intelligence","Senior Statistical Officer","Data Management"
"Ministry of Health & Family Welfare","Health Intelligence","Senior Statistical Officer","Data Governance"
"Ministry of Health & Family Welfare","Health Intelligence","Senior Statistical Officer","Policy Analysis"
"Ministry of Health & Family Welfare","Health Intelligence","Senior Statistical Officer","Programme Management"
"Ministry of Health & Family Welfare","Health Intelligence","Senior Statistical Officer","Monitoring & Evaluation"
"Ministry of Health & Family Welfare","Health Intelligence","Senior Statistical Officer","Training & Capacity Building"
"Ministry of Health & Family Welfare","Health Intelligence","Senior Statistical Officer","Administration"
"Ministry of Health & Family Welfare","Health Intelligence","Senior Statistical Officer","Finance & Accounts"
"Ministry of Health & Family Welfare","Health Intelligence","Senior Statistical Officer","IT / Digital Systems"
"Ministry of Health & Family Welfare","Health Intelligence","Senior Statistical Officer","Database Management"
"Ministry of Health & Family Welfare","Health Intelligence","Senior Statistical Officer","AI / Machine Learning"
"Ministry of Health & Family Welfare","Health Intelligence","Senior Statistical Officer","Cyber Security"
"Ministry of Health & Family Welfare","Health Intelligence","Senior Statistical Officer","e-Governance"
"Ministry of Health & Family Welfare","Health Intelligence","Senior Statistical Officer","Learning & Development"
"Ministry of Health & Family Welfare","Health Intelligence","Junior Statistical Officer","Statistical Analysis"
"Ministry of Health & Family Welfare","Health Intelligence","Junior Statistical Officer","Data Analysis"
"Ministry of Health & Family Welfare","Health Intelligence","Junior Statistical Officer","Survey Operations"
"Ministry of Health & Family Welfare","Health Intelligence","Junior Statistical Officer","Sampling"
"Ministry of Health & Family Welfare","Health Intelligence","Junior Statistical Officer","Data Quality & Validation"
"Ministry of Health & Family Welfare","Health Intelligence","Junior Statistical Officer","Research & Analysis"
"Ministry of Health & Family Welfare","Health Intelligence","Junior Statistical Officer","Economic Statistics"
"Ministry of Health & Family Welfare","Health Intelligence","Junior Statistical Officer","Social Statistics"
"Ministry of Health & Family Welfare","Health Intelligence","Junior Statistical Officer","Demographic Statistics"
"Ministry of Health & Family Welfare","Health Intelligence","Junior Statistical Officer","Statistical Computing"
"Ministry of Health & Family Welfare","Health Intelligence","Junior Statistical Officer","Data Management"
"Ministry of Health & Family Welfare","Health Intelligence","Junior Statistical Officer","Data Governance"
"Ministry of Health & Family Welfare","Health Intelligence","Junior Statistical Officer","Policy Analysis"
"Ministry of Health & Family Welfare","Health Intelligence","Junior Statistical Officer","Programme Management"
"Ministry of Health & Family Welfare","Health Intelligence","Junior Statistical Officer","Monitoring & Evaluation"
"Ministry of Health & Family Welfare","Health Intelligence","Junior Statistical Officer","Training & Capacity Building"
"Ministry of Health & Family Welfare","Health Intelligence","Junior Statistical Officer","Administration"
"Ministry of Health & Family Welfare","Health Intelligence","Junior Statistical Officer","Finance & Accounts"
"Ministry of Health & Family Welfare","Health Intelligence","Junior Statistical Officer","IT / Digital Systems"
"Ministry of Health & Family Welfare","Health Intelligence","Junior Statistical Officer","Database Management"
"Ministry of Health & Family Welfare","Health Intelligence","Junior Statistical Officer","AI / Machine Learning"
"Ministry of Health & Family Welfare","Health Intelligence","Junior Statistical Officer","Cyber Security"
"Ministry of Health & Family Welfare","Health Intelligence","Junior Statistical Officer","e-Governance"
"Ministry of Health & Family Welfare","Health Intelligence","Junior Statistical Officer","Learning & Development"
"Ministry of Health & Family Welfare","Health Intelligence","Other","Statistical Analysis"
"Ministry of Health & Family Welfare","Health Intelligence","Other","Data Analysis"
"Ministry of Health & Family Welfare","Health Intelligence","Other","Survey Operations"
"Ministry of Health & Family Welfare","Health Intelligence","Other","Sampling"
"Ministry of Health & Family Welfare","Health Intelligence","Other","Data Quality & Validation"
"Ministry of Health & Family Welfare","Health Intelligence","Other","Research & Analysis"
"Ministry of Health & Family Welfare","Health Intelligence","Other","Economic Statistics"
"Ministry of Health & Family Welfare","Health Intelligence","Other","Social Statistics"
"Ministry of Health & Family Welfare","Health Intelligence","Other","Demographic Statistics"
"Ministry of Health & Family Welfare","Health Intelligence","Other","Statistical Computing"
"Ministry of Health & Family Welfare","Health Intelligence","Other","Data Management"
"Ministry of Health & Family Welfare","Health Intelligence","Other","Data Governance"
"Ministry of Health & Family Welfare","Health Intelligence","Other","Policy Analysis"
"Ministry of Health & Family Welfare","Health Intelligence","Other","Programme Management"
"Ministry of Health & Family Welfare","Health Intelligence","Other","Monitoring & Evaluation"
"Ministry of Health & Family Welfare","Health Intelligence","Other","Training & Capacity Building"
"Ministry of Health & Family Welfare","Health Intelligence","Other","Administration"
"Ministry of Health & Family Welfare","Health Intelligence","Other","Finance & Accounts"
"Ministry of Health & Family Welfare","Health Intelligence","Other","IT / Digital Systems"
"Ministry of Health & Family Welfare","Health Intelligence","Other","Database Management"
"Ministry of Health & Family Welfare","Health Intelligence","Other","AI / Machine Learning"
"Ministry of Health & Family Welfare","Health Intelligence","Other","Cyber Security"
"Ministry of Health & Family Welfare","Health Intelligence","Other","e-Governance"
"Ministry of Health & Family Welfare","Health Intelligence","Other","Learning & Development"
"Ministry of Labour & Employment","Labour Bureau","Director","Statistical Analysis"
"Ministry of Labour & Employment","Labour Bureau","Director","Data Analysis"
"Ministry of Labour & Employment","Labour Bureau","Director","Survey Operations"
"Ministry of Labour & Employment","Labour Bureau","Director","Sampling"
"Ministry of Labour & Employment","Labour Bureau","Director","Data Quality & Validation"
"Ministry of Labour & Employment","Labour Bureau","Director","Research & Analysis"
"Ministry of Labour & Employment","Labour Bureau","Director","Economic Statistics"
"Ministry of Labour & Employment","Labour Bureau","Director","Social Statistics"
"Ministry of Labour & Employment","Labour Bureau","Director","Demographic Statistics"
"Ministry of Labour & Employment","Labour Bureau","Director","Statistical Computing"
"Ministry of Labour & Employment","Labour Bureau","Director","Data Management"
"Ministry of Labour & Employment","Labour Bureau","Director","Data Governance"
"Ministry of Labour & Employment","Labour Bureau","Director","Policy Analysis"
"Ministry of Labour & Employment","Labour Bureau","Director","Programme Management"
"Ministry of Labour & Employment","Labour Bureau","Director","Monitoring & Evaluation"
"Ministry of Labour & Employment","Labour Bureau","Director","Training & Capacity Building"
"Ministry of Labour & Employment","Labour Bureau","Director","Administration"
"Ministry of Labour & Employment","Labour Bureau","Director","Finance & Accounts"
"Ministry of Labour & Employment","Labour Bureau","Director","IT / Digital Systems"
"Ministry of Labour & Employment","Labour Bureau","Director","Database Management"
"Ministry of Labour & Employment","Labour Bureau","Director","AI / Machine Learning"
"Ministry of Labour & Employment","Labour Bureau","Director","Cyber Security"
"Ministry of Labour & Employment","Labour Bureau","Director","e-Governance"
"Ministry of Labour & Employment","Labour Bureau","Director","Learning & Development"
"Ministry of Labour & Employment","Labour Bureau","Deputy Director","Statistical Analysis"
"Ministry of Labour & Employment","Labour Bureau","Deputy Director","Data Analysis"
"Ministry of Labour & Employment","Labour Bureau","Deputy Director","Survey Operations"
"Ministry of Labour & Employment","Labour Bureau","Deputy Director","Sampling"
"Ministry of Labour & Employment","Labour Bureau","Deputy Director","Data Quality & Validation"
"Ministry of Labour & Employment","Labour Bureau","Deputy Director","Research & Analysis"
"Ministry of Labour & Employment","Labour Bureau","Deputy Director","Economic Statistics"
"Ministry of Labour & Employment","Labour Bureau","Deputy Director","Social Statistics"
"Ministry of Labour & Employment","Labour Bureau","Deputy Director","Demographic Statistics"
"Ministry of Labour & Employment","Labour Bureau","Deputy Director","Statistical Computing"
"Ministry of Labour & Employment","Labour Bureau","Deputy Director","Data Management"
"Ministry of Labour & Employment","Labour Bureau","Deputy Director","Data Governance"
"Ministry of Labour & Employment","Labour Bureau","Deputy Director","Policy Analysis"
"Ministry of Labour & Employment","Labour Bureau","Deputy Director","Programme Management"
"Ministry of Labour & Employment","Labour Bureau","Deputy Director","Monitoring & Evaluation"
"Ministry of Labour & Employment","Labour Bureau","Deputy Director","Training & Capacity Building"
"Ministry of Labour & Employment","Labour Bureau","Deputy Director","Administration"
"Ministry of Labour & Employment","Labour Bureau","Deputy Director","Finance & Accounts"
"Ministry of Labour & Employment","Labour Bureau","Deputy Director","IT / Digital Systems"
"Ministry of Labour & Employment","Labour Bureau","Deputy Director","Database Management"
"Ministry of Labour & Employment","Labour Bureau","Deputy Director","AI / Machine Learning"
"Ministry of Labour & Employment","Labour Bureau","Deputy Director","Cyber Security"
"Ministry of Labour & Employment","Labour Bureau","Deputy Director","e-Governance"
"Ministry of Labour & Employment","Labour Bureau","Deputy Director","Learning & Development"
"Ministry of Labour & Employment","Labour Bureau","Senior Statistical Officer","Statistical Analysis"
"Ministry of Labour & Employment","Labour Bureau","Senior Statistical Officer","Data Analysis"
"Ministry of Labour & Employment","Labour Bureau","Senior Statistical Officer","Survey Operations"
"Ministry of Labour & Employment","Labour Bureau","Senior Statistical Officer","Sampling"
"Ministry of Labour & Employment","Labour Bureau","Senior Statistical Officer","Data Quality & Validation"
"Ministry of Labour & Employment","Labour Bureau","Senior Statistical Officer","Research & Analysis"
"Ministry of Labour & Employment","Labour Bureau","Senior Statistical Officer","Economic Statistics"
"Ministry of Labour & Employment","Labour Bureau","Senior Statistical Officer","Social Statistics"
"Ministry of Labour & Employment","Labour Bureau","Senior Statistical Officer","Demographic Statistics"
"Ministry of Labour & Employment","Labour Bureau","Senior Statistical Officer","Statistical Computing"
"Ministry of Labour & Employment","Labour Bureau","Senior Statistical Officer","Data Management"
"Ministry of Labour & Employment","Labour Bureau","Senior Statistical Officer","Data Governance"
"Ministry of Labour & Employment","Labour Bureau","Senior Statistical Officer","Policy Analysis"
"Ministry of Labour & Employment","Labour Bureau","Senior Statistical Officer","Programme Management"
"Ministry of Labour & Employment","Labour Bureau","Senior Statistical Officer","Monitoring & Evaluation"
"Ministry of Labour & Employment","Labour Bureau","Senior Statistical Officer","Training & Capacity Building"
"Ministry of Labour & Employment","Labour Bureau","Senior Statistical Officer","Administration"
"Ministry of Labour & Employment","Labour Bureau","Senior Statistical Officer","Finance & Accounts"
"Ministry of Labour & Employment","Labour Bureau","Senior Statistical Officer","IT / Digital Systems"
"Ministry of Labour & Employment","Labour Bureau","Senior Statistical Officer","Database Management"
"Ministry of Labour & Employment","Labour Bureau","Senior Statistical Officer","AI / Machine Learning"
"Ministry of Labour & Employment","Labour Bureau","Senior Statistical Officer","Cyber Security"
"Ministry of Labour & Employment","Labour Bureau","Senior Statistical Officer","e-Governance"
"Ministry of Labour & Employment","Labour Bureau","Senior Statistical Officer","Learning & Development"
"Ministry of Labour & Employment","Labour Bureau","Junior Statistical Officer","Statistical Analysis"
"Ministry of Labour & Employment","Labour Bureau","Junior Statistical Officer","Data Analysis"
"Ministry of Labour & Employment","Labour Bureau","Junior Statistical Officer","Survey Operations"
"Ministry of Labour & Employment","Labour Bureau","Junior Statistical Officer","Sampling"
"Ministry of Labour & Employment","Labour Bureau","Junior Statistical Officer","Data Quality & Validation"
"Ministry of Labour & Employment","Labour Bureau","Junior Statistical Officer","Research & Analysis"
"Ministry of Labour & Employment","Labour Bureau","Junior Statistical Officer","Economic Statistics"
"Ministry of Labour & Employment","Labour Bureau","Junior Statistical Officer","Social Statistics"
"Ministry of Labour & Employment","Labour Bureau","Junior Statistical Officer","Demographic Statistics"
"Ministry of Labour & Employment","Labour Bureau","Junior Statistical Officer","Statistical Computing"
"Ministry of Labour & Employment","Labour Bureau","Junior Statistical Officer","Data Management"
"Ministry of Labour & Employment","Labour Bureau","Junior Statistical Officer","Data Governance"
"Ministry of Labour & Employment","Labour Bureau","Junior Statistical Officer","Policy Analysis"
"Ministry of Labour & Employment","Labour Bureau","Junior Statistical Officer","Programme Management"
"Ministry of Labour & Employment","Labour Bureau","Junior Statistical Officer","Monitoring & Evaluation"
"Ministry of Labour & Employment","Labour Bureau","Junior Statistical Officer","Training & Capacity Building"
"Ministry of Labour & Employment","Labour Bureau","Junior Statistical Officer","Administration"
"Ministry of Labour & Employment","Labour Bureau","Junior Statistical Officer","Finance & Accounts"
"Ministry of Labour & Employment","Labour Bureau","Junior Statistical Officer","IT / Digital Systems"
"Ministry of Labour & Employment","Labour Bureau","Junior Statistical Officer","Database Management"
"Ministry of Labour & Employment","Labour Bureau","Junior Statistical Officer","AI / Machine Learning"
"Ministry of Labour & Employment","Labour Bureau","Junior Statistical Officer","Cyber Security"
"Ministry of Labour & Employment","Labour Bureau","Junior Statistical Officer","e-Governance"
"Ministry of Labour & Employment","Labour Bureau","Junior Statistical Officer","Learning & Development"
"Ministry of Labour & Employment","Labour Bureau","Other","Statistical Analysis"
"Ministry of Labour & Employment","Labour Bureau","Other","Data Analysis"
"Ministry of Labour & Employment","Labour Bureau","Other","Survey Operations"
"Ministry of Labour & Employment","Labour Bureau","Other","Sampling"
"Ministry of Labour & Employment","Labour Bureau","Other","Data Quality & Validation"
"Ministry of Labour & Employment","Labour Bureau","Other","Research & Analysis"
"Ministry of Labour & Employment","Labour Bureau","Other","Economic Statistics"
"Ministry of Labour & Employment","Labour Bureau","Other","Social Statistics"
"Ministry of Labour & Employment","Labour Bureau","Other","Demographic Statistics"
"Ministry of Labour & Employment","Labour Bureau","Other","Statistical Computing"
"Ministry of Labour & Employment","Labour Bureau","Other","Data Management"
"Ministry of Labour & Employment","Labour Bureau","Other","Data Governance"
"Ministry of Labour & Employment","Labour Bureau","Other","Policy Analysis"
"Ministry of Labour & Employment","Labour Bureau","Other","Programme Management"
"Ministry of Labour & Employment","Labour Bureau","Other","Monitoring & Evaluation"
"Ministry of Labour & Employment","Labour Bureau","Other","Training & Capacity Building"
"Ministry of Labour & Employment","Labour Bureau","Other","Administration"
"Ministry of Labour & Employment","Labour Bureau","Other","Finance & Accounts"
"Ministry of Labour & Employment","Labour Bureau","Other","IT / Digital Systems"
"Ministry of Labour & Employment","Labour Bureau","Other","Database Management"
"Ministry of Labour & Employment","Labour Bureau","Other","AI / Machine Learning"
"Ministry of Labour & Employment","Labour Bureau","Other","Cyber Security"
"Ministry of Labour & Employment","Labour Bureau","Other","e-Governance"
"Ministry of Labour & Employment","Labour Bureau","Other","Learning & Development"
"Ministry of Finance","Economic Affairs","Director","Statistical Analysis"
"Ministry of Finance","Economic Affairs","Director","Data Analysis"
"Ministry of Finance","Economic Affairs","Director","Survey Operations"
"Ministry of Finance","Economic Affairs","Director","Sampling"
"Ministry of Finance","Economic Affairs","Director","Data Quality & Validation"
"Ministry of Finance","Economic Affairs","Director","Research & Analysis"
"Ministry of Finance","Economic Affairs","Director","Economic Statistics"
"Ministry of Finance","Economic Affairs","Director","Social Statistics"
"Ministry of Finance","Economic Affairs","Director","Demographic Statistics"
"Ministry of Finance","Economic Affairs","Director","Statistical Computing"
"Ministry of Finance","Economic Affairs","Director","Data Management"
"Ministry of Finance","Economic Affairs","Director","Data Governance"
"Ministry of Finance","Economic Affairs","Director","Policy Analysis"
"Ministry of Finance","Economic Affairs","Director","Programme Management"
"Ministry of Finance","Economic Affairs","Director","Monitoring & Evaluation"
"Ministry of Finance","Economic Affairs","Director","Training & Capacity Building"
"Ministry of Finance","Economic Affairs","Director","Administration"
"Ministry of Finance","Economic Affairs","Director","Finance & Accounts"
"Ministry of Finance","Economic Affairs","Director","IT / Digital Systems"
"Ministry of Finance","Economic Affairs","Director","Database Management"
"Ministry of Finance","Economic Affairs","Director","AI / Machine Learning"
"Ministry of Finance","Economic Affairs","Director","Cyber Security"
"Ministry of Finance","Economic Affairs","Director","e-Governance"
"Ministry of Finance","Economic Affairs","Director","Learning & Development"
"Ministry of Finance","Economic Affairs","Deputy Director","Statistical Analysis"
"Ministry of Finance","Economic Affairs","Deputy Director","Data Analysis"
"Ministry of Finance","Economic Affairs","Deputy Director","Survey Operations"
"Ministry of Finance","Economic Affairs","Deputy Director","Sampling"
"Ministry of Finance","Economic Affairs","Deputy Director","Data Quality & Validation"
"Ministry of Finance","Economic Affairs","Deputy Director","Research & Analysis"
"Ministry of Finance","Economic Affairs","Deputy Director","Economic Statistics"
"Ministry of Finance","Economic Affairs","Deputy Director","Social Statistics"
"Ministry of Finance","Economic Affairs","Deputy Director","Demographic Statistics"
"Ministry of Finance","Economic Affairs","Deputy Director","Statistical Computing"
"Ministry of Finance","Economic Affairs","Deputy Director","Data Management"
"Ministry of Finance","Economic Affairs","Deputy Director","Data Governance"
"Ministry of Finance","Economic Affairs","Deputy Director","Policy Analysis"
"Ministry of Finance","Economic Affairs","Deputy Director","Programme Management"
"Ministry of Finance","Economic Affairs","Deputy Director","Monitoring & Evaluation"
"Ministry of Finance","Economic Affairs","Deputy Director","Training & Capacity Building"
"Ministry of Finance","Economic Affairs","Deputy Director","Administration"
"Ministry of Finance","Economic Affairs","Deputy Director","Finance & Accounts"
"Ministry of Finance","Economic Affairs","Deputy Director","IT / Digital Systems"
"Ministry of Finance","Economic Affairs","Deputy Director","Database Management"
"Ministry of Finance","Economic Affairs","Deputy Director","AI / Machine Learning"
"Ministry of Finance","Economic Affairs","Deputy Director","Cyber Security"
"Ministry of Finance","Economic Affairs","Deputy Director","e-Governance"
"Ministry of Finance","Economic Affairs","Deputy Director","Learning & Development"
"Ministry of Finance","Economic Affairs","Senior Statistical Officer","Statistical Analysis"
"Ministry of Finance","Economic Affairs","Senior Statistical Officer","Data Analysis"
"Ministry of Finance","Economic Affairs","Senior Statistical Officer","Survey Operations"
"Ministry of Finance","Economic Affairs","Senior Statistical Officer","Sampling"
"Ministry of Finance","Economic Affairs","Senior Statistical Officer","Data Quality & Validation"
"Ministry of Finance","Economic Affairs","Senior Statistical Officer","Research & Analysis"
"Ministry of Finance","Economic Affairs","Senior Statistical Officer","Economic Statistics"
"Ministry of Finance","Economic Affairs","Senior Statistical Officer","Social Statistics"
"Ministry of Finance","Economic Affairs","Senior Statistical Officer","Demographic Statistics"
"Ministry of Finance","Economic Affairs","Senior Statistical Officer","Statistical Computing"
"Ministry of Finance","Economic Affairs","Senior Statistical Officer","Data Management"
"Ministry of Finance","Economic Affairs","Senior Statistical Officer","Data Governance"
"Ministry of Finance","Economic Affairs","Senior Statistical Officer","Policy Analysis"
"Ministry of Finance","Economic Affairs","Senior Statistical Officer","Programme Management"
"Ministry of Finance","Economic Affairs","Senior Statistical Officer","Monitoring & Evaluation"
"Ministry of Finance","Economic Affairs","Senior Statistical Officer","Training & Capacity Building"
"Ministry of Finance","Economic Affairs","Senior Statistical Officer","Administration"
"Ministry of Finance","Economic Affairs","Senior Statistical Officer","Finance & Accounts"
"Ministry of Finance","Economic Affairs","Senior Statistical Officer","IT / Digital Systems"
"Ministry of Finance","Economic Affairs","Senior Statistical Officer","Database Management"
"Ministry of Finance","Economic Affairs","Senior Statistical Officer","AI / Machine Learning"
"Ministry of Finance","Economic Affairs","Senior Statistical Officer","Cyber Security"
"Ministry of Finance","Economic Affairs","Senior Statistical Officer","e-Governance"
"Ministry of Finance","Economic Affairs","Senior Statistical Officer","Learning & Development"
"Ministry of Finance","Economic Affairs","Junior Statistical Officer","Statistical Analysis"
"Ministry of Finance","Economic Affairs","Junior Statistical Officer","Data Analysis"
"Ministry of Finance","Economic Affairs","Junior Statistical Officer","Survey Operations"
"Ministry of Finance","Economic Affairs","Junior Statistical Officer","Sampling"
"Ministry of Finance","Economic Affairs","Junior Statistical Officer","Data Quality & Validation"
"Ministry of Finance","Economic Affairs","Junior Statistical Officer","Research & Analysis"
"Ministry of Finance","Economic Affairs","Junior Statistical Officer","Economic Statistics"
"Ministry of Finance","Economic Affairs","Junior Statistical Officer","Social Statistics"
"Ministry of Finance","Economic Affairs","Junior Statistical Officer","Demographic Statistics"
"Ministry of Finance","Economic Affairs","Junior Statistical Officer","Statistical Computing"
"Ministry of Finance","Economic Affairs","Junior Statistical Officer","Data Management"
"Ministry of Finance","Economic Affairs","Junior Statistical Officer","Data Governance"
"Ministry of Finance","Economic Affairs","Junior Statistical Officer","Policy Analysis"
"Ministry of Finance","Economic Affairs","Junior Statistical Officer","Programme Management"
"Ministry of Finance","Economic Affairs","Junior Statistical Officer","Monitoring & Evaluation"
"Ministry of Finance","Economic Affairs","Junior Statistical Officer","Training & Capacity Building"
"Ministry of Finance","Economic Affairs","Junior Statistical Officer","Administration"
"Ministry of Finance","Economic Affairs","Junior Statistical Officer","Finance & Accounts"
"Ministry of Finance","Economic Affairs","Junior Statistical Officer","IT / Digital Systems"
"Ministry of Finance","Economic Affairs","Junior Statistical Officer","Database Management"
"Ministry of Finance","Economic Affairs","Junior Statistical Officer","AI / Machine Learning"
"Ministry of Finance","Economic Affairs","Junior Statistical Officer","Cyber Security"
"Ministry of Finance","Economic Affairs","Junior Statistical Officer","e-Governance"
"Ministry of Finance","Economic Affairs","Junior Statistical Officer","Learning & Development"
"Ministry of Finance","Economic Affairs","Other","Statistical Analysis"
"Ministry of Finance","Economic Affairs","Other","Data Analysis"
"Ministry of Finance","Economic Affairs","Other","Survey Operations"
"Ministry of Finance","Economic Affairs","Other","Sampling"
"Ministry of Finance","Economic Affairs","Other","Data Quality & Validation"
"Ministry of Finance","Economic Affairs","Other","Research & Analysis"
"Ministry of Finance","Economic Affairs","Other","Economic Statistics"
"Ministry of Finance","Economic Affairs","Other","Social Statistics"
"Ministry of Finance","Economic Affairs","Other","Demographic Statistics"
"Ministry of Finance","Economic Affairs","Other","Statistical Computing"
"Ministry of Finance","Economic Affairs","Other","Data Management"
"Ministry of Finance","Economic Affairs","Other","Data Governance"
"Ministry of Finance","Economic Affairs","Other","Policy Analysis"
"Ministry of Finance","Economic Affairs","Other","Programme Management"
"Ministry of Finance","Economic Affairs","Other","Monitoring & Evaluation"
"Ministry of Finance","Economic Affairs","Other","Training & Capacity Building"
"Ministry of Finance","Economic Affairs","Other","Administration"
"Ministry of Finance","Economic Affairs","Other","Finance & Accounts"
"Ministry of Finance","Economic Affairs","Other","IT / Digital Systems"
"Ministry of Finance","Economic Affairs","Other","Database Management"
"Ministry of Finance","Economic Affairs","Other","AI / Machine Learning"
"Ministry of Finance","Economic Affairs","Other","Cyber Security"
"Ministry of Finance","Economic Affairs","Other","e-Governance"
"Ministry of Finance","Economic Affairs","Other","Learning & Development"
"Ministry of Education","Educational Statistics","Director","Statistical Analysis"
"Ministry of Education","Educational Statistics","Director","Data Analysis"
"Ministry of Education","Educational Statistics","Director","Survey Operations"
"Ministry of Education","Educational Statistics","Director","Sampling"
"Ministry of Education","Educational Statistics","Director","Data Quality & Validation"
"Ministry of Education","Educational Statistics","Director","Research & Analysis"
"Ministry of Education","Educational Statistics","Director","Economic Statistics"
"Ministry of Education","Educational Statistics","Director","Social Statistics"
"Ministry of Education","Educational Statistics","Director","Demographic Statistics"
"Ministry of Education","Educational Statistics","Director","Statistical Computing"
"Ministry of Education","Educational Statistics","Director","Data Management"
"Ministry of Education","Educational Statistics","Director","Data Governance"
"Ministry of Education","Educational Statistics","Director","Policy Analysis"
"Ministry of Education","Educational Statistics","Director","Programme Management"
"Ministry of Education","Educational Statistics","Director","Monitoring & Evaluation"
"Ministry of Education","Educational Statistics","Director","Training & Capacity Building"
"Ministry of Education","Educational Statistics","Director","Administration"
"Ministry of Education","Educational Statistics","Director","Finance & Accounts"
"Ministry of Education","Educational Statistics","Director","IT / Digital Systems"
"Ministry of Education","Educational Statistics","Director","Database Management"
"Ministry of Education","Educational Statistics","Director","AI / Machine Learning"
"Ministry of Education","Educational Statistics","Director","Cyber Security"
"Ministry of Education","Educational Statistics","Director","e-Governance"
"Ministry of Education","Educational Statistics","Director","Learning & Development"
"Ministry of Education","Educational Statistics","Deputy Director","Statistical Analysis"
"Ministry of Education","Educational Statistics","Deputy Director","Data Analysis"
"Ministry of Education","Educational Statistics","Deputy Director","Survey Operations"
"Ministry of Education","Educational Statistics","Deputy Director","Sampling"
"Ministry of Education","Educational Statistics","Deputy Director","Data Quality & Validation"
"Ministry of Education","Educational Statistics","Deputy Director","Research & Analysis"
"Ministry of Education","Educational Statistics","Deputy Director","Economic Statistics"
"Ministry of Education","Educational Statistics","Deputy Director","Social Statistics"
"Ministry of Education","Educational Statistics","Deputy Director","Demographic Statistics"
"Ministry of Education","Educational Statistics","Deputy Director","Statistical Computing"
"Ministry of Education","Educational Statistics","Deputy Director","Data Management"
"Ministry of Education","Educational Statistics","Deputy Director","Data Governance"
"Ministry of Education","Educational Statistics","Deputy Director","Policy Analysis"
"Ministry of Education","Educational Statistics","Deputy Director","Programme Management"
"Ministry of Education","Educational Statistics","Deputy Director","Monitoring & Evaluation"
"Ministry of Education","Educational Statistics","Deputy Director","Training & Capacity Building"
"Ministry of Education","Educational Statistics","Deputy Director","Administration"
"Ministry of Education","Educational Statistics","Deputy Director","Finance & Accounts"
"Ministry of Education","Educational Statistics","Deputy Director","IT / Digital Systems"
"Ministry of Education","Educational Statistics","Deputy Director","Database Management"
"Ministry of Education","Educational Statistics","Deputy Director","AI / Machine Learning"
"Ministry of Education","Educational Statistics","Deputy Director","Cyber Security"
"Ministry of Education","Educational Statistics","Deputy Director","e-Governance"
"Ministry of Education","Educational Statistics","Deputy Director","Learning & Development"
"Ministry of Education","Educational Statistics","Senior Statistical Officer","Statistical Analysis"
"Ministry of Education","Educational Statistics","Senior Statistical Officer","Data Analysis"
"Ministry of Education","Educational Statistics","Senior Statistical Officer","Survey Operations"
"Ministry of Education","Educational Statistics","Senior Statistical Officer","Sampling"
"Ministry of Education","Educational Statistics","Senior Statistical Officer","Data Quality & Validation"
"Ministry of Education","Educational Statistics","Senior Statistical Officer","Research & Analysis"
"Ministry of Education","Educational Statistics","Senior Statistical Officer","Economic Statistics"
"Ministry of Education","Educational Statistics","Senior Statistical Officer","Social Statistics"
"Ministry of Education","Educational Statistics","Senior Statistical Officer","Demographic Statistics"
"Ministry of Education","Educational Statistics","Senior Statistical Officer","Statistical Computing"
"Ministry of Education","Educational Statistics","Senior Statistical Officer","Data Management"
"Ministry of Education","Educational Statistics","Senior Statistical Officer","Data Governance"
"Ministry of Education","Educational Statistics","Senior Statistical Officer","Policy Analysis"
"Ministry of Education","Educational Statistics","Senior Statistical Officer","Programme Management"
"Ministry of Education","Educational Statistics","Senior Statistical Officer","Monitoring & Evaluation"
"Ministry of Education","Educational Statistics","Senior Statistical Officer","Training & Capacity Building"
"Ministry of Education","Educational Statistics","Senior Statistical Officer","Administration"
"Ministry of Education","Educational Statistics","Senior Statistical Officer","Finance & Accounts"
"Ministry of Education","Educational Statistics","Senior Statistical Officer","IT / Digital Systems"
"Ministry of Education","Educational Statistics","Senior Statistical Officer","Database Management"
"Ministry of Education","Educational Statistics","Senior Statistical Officer","AI / Machine Learning"
"Ministry of Education","Educational Statistics","Senior Statistical Officer","Cyber Security"
"Ministry of Education","Educational Statistics","Senior Statistical Officer","e-Governance"
"Ministry of Education","Educational Statistics","Senior Statistical Officer","Learning & Development"
"Ministry of Education","Educational Statistics","Junior Statistical Officer","Statistical Analysis"
"Ministry of Education","Educational Statistics","Junior Statistical Officer","Data Analysis"
"Ministry of Education","Educational Statistics","Junior Statistical Officer","Survey Operations"
"Ministry of Education","Educational Statistics","Junior Statistical Officer","Sampling"
"Ministry of Education","Educational Statistics","Junior Statistical Officer","Data Quality & Validation"
"Ministry of Education","Educational Statistics","Junior Statistical Officer","Research & Analysis"
"Ministry of Education","Educational Statistics","Junior Statistical Officer","Economic Statistics"
"Ministry of Education","Educational Statistics","Junior Statistical Officer","Social Statistics"
"Ministry of Education","Educational Statistics","Junior Statistical Officer","Demographic Statistics"
"Ministry of Education","Educational Statistics","Junior Statistical Officer","Statistical Computing"
"Ministry of Education","Educational Statistics","Junior Statistical Officer","Data Management"
"Ministry of Education","Educational Statistics","Junior Statistical Officer","Data Governance"
"Ministry of Education","Educational Statistics","Junior Statistical Officer","Policy Analysis"
"Ministry of Education","Educational Statistics","Junior Statistical Officer","Programme Management"
"Ministry of Education","Educational Statistics","Junior Statistical Officer","Monitoring & Evaluation"
"Ministry of Education","Educational Statistics","Junior Statistical Officer","Training & Capacity Building"
"Ministry of Education","Educational Statistics","Junior Statistical Officer","Administration"
"Ministry of Education","Educational Statistics","Junior Statistical Officer","Finance & Accounts"
"Ministry of Education","Educational Statistics","Junior Statistical Officer","IT / Digital Systems"
"Ministry of Education","Educational Statistics","Junior Statistical Officer","Database Management"
"Ministry of Education","Educational Statistics","Junior Statistical Officer","AI / Machine Learning"
"Ministry of Education","Educational Statistics","Junior Statistical Officer","Cyber Security"
"Ministry of Education","Educational Statistics","Junior Statistical Officer","e-Governance"
"Ministry of Education","Educational Statistics","Junior Statistical Officer","Learning & Development"
"Ministry of Education","Educational Statistics","Other","Statistical Analysis"
"Ministry of Education","Educational Statistics","Other","Data Analysis"
"Ministry of Education","Educational Statistics","Other","Survey Operations"
"Ministry of Education","Educational Statistics","Other","Sampling"
"Ministry of Education","Educational Statistics","Other","Data Quality & Validation"
"Ministry of Education","Educational Statistics","Other","Research & Analysis"
"Ministry of Education","Educational Statistics","Other","Economic Statistics"
"Ministry of Education","Educational Statistics","Other","Social Statistics"
"Ministry of Education","Educational Statistics","Other","Demographic Statistics"
"Ministry of Education","Educational Statistics","Other","Statistical Computing"
"Ministry of Education","Educational Statistics","Other","Data Management"
"Ministry of Education","Educational Statistics","Other","Data Governance"
"Ministry of Education","Educational Statistics","Other","Policy Analysis"
"Ministry of Education","Educational Statistics","Other","Programme Management"
"Ministry of Education","Educational Statistics","Other","Monitoring & Evaluation"
"Ministry of Education","Educational Statistics","Other","Training & Capacity Building"
"Ministry of Education","Educational Statistics","Other","Administration"
"Ministry of Education","Educational Statistics","Other","Finance & Accounts"
"Ministry of Education","Educational Statistics","Other","IT / Digital Systems"
"Ministry of Education","Educational Statistics","Other","Database Management"
"Ministry of Education","Educational Statistics","Other","AI / Machine Learning"
"Ministry of Education","Educational Statistics","Other","Cyber Security"
"Ministry of Education","Educational Statistics","Other","e-Governance"
"Ministry of Education","Educational Statistics","Other","Learning & Development"
